Symbol,Final Value (INR),Net Profit (INR),Total Trades
PARASPETRO.NS,424387.02,414387.02,145
SHEKHAWATI.NS,267451.15,257451.15,73
WINSOME.NS,250775.78,240775.78,95
CCCL.NS,167766.0,157766.0,68
CREATIVEYE.NS,151033.16,141033.16,147
TIL.NS,144903.48,134903.48,191
NPST.NS,142053.93,132053.93,220
SPECTRUM.NS,119360.07,109360.07,183
BINANIIND.NS,90440.56,80440.56,173
EXCEL.NS,88929.58,78929.58,95
SHYAMTEL.NS,87949.15,77949.15,160
LATTEYS.NS,80038.43,70038.43,170
DOLPHIN.NS,77478.9,67478.9,107
NORBTEAEXP.NS,66589.98,56589.98,182
LGHL.NS,66346.55,56346.55,121
TNTELE.NS,64844.65,54844.65,189
GVT&D.NS,60649.75,50649.75,181
BLUECOAST.NS,59890.0,49890.0,76
THOMASCOTT.NS,56673.43,46673.43,196
GAYAHWS.NS,55897.54,45897.54,110
TARAPUR.NS,54457.77,44457.77,147
TVVISION.NS,54174.72,44174.72,111
PIGL.NS,53367.03,43367.03,172
JITFINFRA.NS,53350.5,43350.5,199
UNITECH.NS,52796.01,42796.01,156
GABRIEL.NS,50731.59,40731.59,228
NEULANDLAB.NS,49925.31,39925.31,238
ELECTHERM.NS,49418.9,39418.9,180
SVLL.NS,45543.73,35543.73,206
WEL.NS,44044.54,34044.54,157
GLFL.NS,43593.66,33593.66,129
HITECHGEAR.NS,42770.44,32770.44,232
ASMS.NS,41680.82,31680.82,142
TCIFINANCE.NS,41146.98,31146.98,104
MPSLTD.NS,40695.31,30695.31,222
PREMEXPLN.NS,40398.37,30398.37,182
INDOTHAI.NS,39761.96,29761.96,218
SARVESHWAR.NS,39124.96,29124.96,147
MADHUCON.NS,38769.11,28769.11,169
KAMDHENU.NS,38508.22,28508.22,154
BOHRAIND.NS,38445.73,28445.73,132
GRWRHITECH.NS,37592.51,27592.51,214
TIJARIA.NS,37543.9,27543.9,159
JAIBALAJI.NS,37504.42,27504.42,178
AARTIPHARM.NS,37102.77,27102.77,191
KRIDHANINF.NS,36949.41,26949.41,120
IRFC.NS,36698.19,26698.19,181
WEALTH.NS,36603.96,26603.96,223
DCI.NS,36073.08,26073.08,201
GMRP&UI.NS,36056.74,26056.74,171
INNOVANA.NS,36016.07,26016.07,236
SALONA.NS,35942.27,25942.27,253
J&KBANK.NS,35941.82,25941.82,158
RAINBOW.NS,35431.63,25431.63,245
DCMFINSERV.NS,35130.46,25130.46,139
CURAA.NS,33803.3,23803.3,9
AVG.NS,33736.59,23736.59,215
KOTHARIPET.NS,33701.05,23701.05,204
SUNDARMHLD.NS,33466.93,23466.93,199
WINDMACHIN.NS,33211.71,23211.71,178
WINDLAS.NS,33130.83,23130.83,236
INDIAGLYCO.NS,32826.07,22826.07,244
UMESLTD.NS,32791.37,22791.37,158
ANTGRAPHIC.NS,32705.45,22705.45,96
SHANTI.NS,32679.56,22679.56,178
ROLLT.NS,31498.04,21498.04,112
WOCKPHARMA.NS,31415.67,21415.67,202
ONEPOINT.NS,31275.99,21275.99,176
SERVOTECH.NS,31098.97,21098.97,177
SUMIT.NS,31048.36,21048.36,189
E2E.NS,31012.01,21012.01,158
V2RETAIL.NS,30819.95,20819.95,194
VIVIDHA.NS,30708.13,20708.13,120
BANCOINDIA.NS,30453.86,20453.86,182
RKDL.NS,30419.18,20419.18,152
HPL.NS,30418.24,20418.24,176
DRCSYSTEMS.NS,30317.05,20317.05,150
MAHASTEEL.NS,30281.98,20281.98,203
PKTEA.NS,30168.33,20168.33,205
TARIL.NS,30150.62,20150.62,196
FMNL.NS,29956.13,19956.13,131
HYBRIDFIN.NS,29921.16,19921.16,141
TARACHAND.NS,29862.32,19862.32,175
RAJRILTD.NS,29815.64,19815.64,139
INDSWFTLTD.NS,29771.53,19771.53,146
GALLANTT.NS,29410.63,19410.63,186
JSWHL.NS,29204.56,19204.56,247
SABEVENTS.NS,29188.24,19188.24,108
ROHLTD.NS,28990.67,18990.67,229
WELINV.NS,28959.25,18959.25,257
VIJIFIN.NS,28902.06,18902.06,110
GRSE.NS,28895.19,18895.19,222
RESPONIND.NS,28606.48,18606.48,224
INOXGREEN.NS,28560.65,18560.65,164
STEELCAS.NS,28396.3,18396.3,275
FACT.NS,28194.18,18194.18,202
RELINFRA.NS,28167.82,18167.82,228
NILASPACES.NS,28150.32,18150.32,160
PARACABLES.NS,28096.13,18096.13,194
SELAN.NS,28036.5,18036.5,213
PGEL.NS,27915.26,17915.26,182
HSCL.NS,27901.53,17901.53,180
MADHAV.NS,27744.27,17744.27,153
63MOONS.NS,27667.16,17667.16,221
MUKANDLTD.NS,27609.6,17609.6,194
SADBHAV.NS,27485.95,17485.95,173
SIMPLEXINF.NS,27045.09,17045.09,166
SKIPPER.NS,27007.65,17007.65,180
NGLFINE.NS,26991.81,16991.81,227
DELTAMAGNT.NS,26985.57,16985.57,159
ANANDRATHI.NS,26883.16,16883.16,224
BBOX.NS,26825.9,16825.9,209
PIXTRANS.NS,26823.59,16823.59,251
FOSECOIND.NS,26675.99,16675.99,228
SILLYMONKS.NS,26653.95,16653.95,191
ZODIAC.NS,26603.81,16603.81,200
FAZE3Q.NS,26543.35,16543.35,190
NEXTMEDIA.NS,26530.52,16530.52,154
KABRAEXTRU.NS,26461.23,16461.23,217
BSHSL.NS,26414.93,16414.93,195
PHOENIXLTD.NS,26288.3,16288.3,269
DSSL.NS,26281.77,16281.77,220
MOKSH.NS,26161.15,16161.15,183
GPIL.NS,26140.6,16140.6,220
MKPL.NS,26053.17,16053.17,139
ARROWGREEN.NS,25872.81,15872.81,231
THEMISMED.NS,25858.05,15858.05,179
URAVIDEF.NS,25734.54,15734.54,177
APARINDS.NS,25719.49,15719.49,218
GLOBALVECT.NS,25705.55,15705.55,196
VLEGOV.NS,25669.93,15669.93,92
ANANTRAJ.NS,25653.84,15653.84,189
ASHAPURMIN.NS,25605.75,15605.75,204
NIRAJISPAT.NS,25428.12,15428.12,29
MBLINFRA.NS,25419.33,15419.33,141
SOMATEX.NS,25399.49,15399.49,147
TORNTPOWER.NS,25363.35,15363.35,214
CYBERMEDIA.NS,25336.63,15336.63,157
POLICYBZR.NS,25185.25,15185.25,254
GVPTECH.NS,25180.99,15180.99,164
ANUP.NS,25062.83,15062.83,228
DPABHUSHAN.NS,25015.68,15015.68,234
GAYAPROJ.NS,25001.45,15001.45,140
INDIANB.NS,24978.6,14978.6,201
WSI.NS,24805.99,14805.99,176
SAFARI.NS,24795.74,14795.74,236
PFC.NS,24767.86,14767.86,197
VISASTEEL.NS,24707.92,14707.92,175
HINDCOPPER.NS,24594.74,14594.74,203
PANAMAPET.NS,24561.12,14561.12,254
RVNL.NS,24553.5,14553.5,166
NAM-INDIA.NS,24535.82,14535.82,247
SHAH.NS,24526.89,14526.89,95
KIRLOSBROS.NS,24501.74,14501.74,213
KEEPLEARN.NS,24485.31,14485.31,137
SHRIPISTON.NS,24439.7,14439.7,221
TREJHARA.NS,24397.62,14397.62,202
DEEPINDS.NS,24378.95,14378.95,199
SALASAR.NS,24339.14,14339.14,157
WEIZMANIND.NS,24154.65,14154.65,172
BBTC.NS,23988.55,13988.55,222
KSL.NS,23974.65,13974.65,237
PGIL.NS,23911.58,13911.58,229
WELENT.NS,23875.16,13875.16,223
RECLTD.NS,23843.37,13843.37,207
BHANDARI.NS,23816.25,13816.25,133
GOCLCORP.NS,23803.38,13803.38,204
BLAL.NS,23773.57,13773.57,158
TOKYOPLAST.NS,23652.57,13652.57,162
HAVISHA.NS,23645.08,13645.08,142
21STCENMGM.NS,23593.62,13593.62,162
SONAMLTD.NS,23571.58,13571.58,147
S&SPOWER.NS,23526.46,13526.46,169
DAMODARIND.NS,23470.37,13470.37,151
MARINE.NS,23388.22,13388.22,186
SANDHAR.NS,23381.04,13381.04,223
PARSVNATH.NS,23303.73,13303.73,162
THEJO.NS,23277.57,13277.57,260
THANGAMAYL.NS,23253.23,13253.23,237
HISARMETAL.NS,23239.3,13239.3,258
SETCO.NS,23229.4,13229.4,176
DHARMAJ.NS,23203.88,13203.88,191
CREST.NS,23112.67,13112.67,242
EMAMIREAL.NS,23109.96,13109.96,197
CROWN.NS,23097.5,13097.5,204
AWHCL.NS,23088.2,13088.2,220
SHRADHA.NS,23069.85,13069.85,167
AURIONPRO.NS,23061.57,13061.57,215
RAILTEL.NS,22956.58,12956.58,205
BDL.NS,22939.56,12939.56,229
ARIES.NS,22908.99,12908.99,229
MCX.NS,22897.45,12897.45,219
BVCL.NS,22889.64,12889.64,136
SURYAROSNI.NS,22806.26,12806.26,214
RTNPOWER.NS,22785.03,12785.03,158
ARIHANTSUP.NS,22736.2,12736.2,201
PRAKASHSTL.NS,22680.82,12680.82,132
NFL.NS,22645.17,12645.17,224
QUICKHEAL.NS,22577.15,12577.15,193
GOKEX.NS,22562.9,12562.9,233
MICEL.NS,22517.38,12517.38,172
WORTH.NS,22507.92,12507.92,178
GROBTEA.NS,22470.07,12470.07,252
SPAL.NS,22464.3,12464.3,238
BSE.NS,22435.48,12435.48,203
ASHOKA.NS,22435.41,12435.41,198
JASH.NS,22427.06,12427.06,196
PERSISTENT.NS,22412.38,12412.38,199
ALMONDZ.NS,22402.18,12402.18,188
ICDSLTD.NS,22399.26,12399.26,175
ASIANENE.NS,22394.13,12394.13,187
AVONMORE.NS,22376.23,12376.23,149
RADAAN.NS,22376.02,12376.02,101
DYCL.NS,22337.18,12337.18,171
SHAILY.NS,22317.57,12317.57,229
PRAJIND.NS,22315.77,12315.77,222
MAHEPC.NS,22287.07,12287.07,154
MSPL.NS,22273.12,12273.12,149
ABREL.NS,22260.76,12260.76,234
BCONCEPTS.NS,22228.59,12228.59,199
APOLLO.NS,22225.67,12225.67,142
SKYGOLD.NS,22138.56,12138.56,153
TITAGARH.NS,22125.8,12125.8,198
JWL.NS,22113.85,12113.85,193
NCC.NS,22051.41,12051.41,186
RHFL.NS,22030.11,12030.11,118
SUDARSCHEM.NS,22023.51,12023.51,235
AGRITECH.NS,22017.85,12017.85,198
PNBHOUSING.NS,22004.84,12004.84,244
BYKE.NS,21988.75,11988.75,189
REGENCERAM.NS,21943.27,11943.27,160
KERNEX.NS,21938.24,11938.24,196
SOUTHWEST.NS,21902.65,11902.65,205
EUROTEXIND.NS,21898.8,11898.8,180
JAGSNPHARM.NS,21894.56,11894.56,187
KALYANKJIL.NS,21885.55,11885.55,217
SUVEN.NS,21884.48,11884.48,185
ARSSINFRA.NS,21877.46,11877.46,144
VIMTALABS.NS,21838.62,11838.62,225
CHOICEIN.NS,21815.7,11815.7,218
BEML.NS,21801.42,11801.42,187
TARC.NS,21793.3,11793.3,173
SIGMA.NS,21784.29,11784.29,216
ABINFRA.NS,21735.07,11735.07,141
POCL.NS,21727.22,11727.22,206
ABSLAMC.NS,21579.47,11579.47,233
KAYNES.NS,21578.34,11578.34,190
SANGAMIND.NS,21531.07,11531.07,237
PRECWIRE.NS,21498.41,11498.41,194
RITES.NS,21479.44,11479.44,226
ASTERDM.NS,21472.97,11472.97,222
SUPERSPIN.NS,21441.99,11441.99,148
SHILPAMED.NS,21415.9,11415.9,214
FSL.NS,21410.49,11410.49,198
FORCEMOT.NS,21406.82,11406.82,172
MANINFRA.NS,21372.62,11372.62,219
PRUDENT.NS,21304.14,11304.14,227
NINSYS.NS,21276.92,11276.92,184
360ONE.NS,21217.1,11217.1,238
SAREGAMA.NS,21216.49,11216.49,220
ASTRAMICRO.NS,21197.29,11197.29,224
SILINV.NS,21170.0,11170.0,227
GMDCLTD.NS,21169.7,11169.7,207
NIITLTD.NS,21151.66,11151.66,161
IRIS.NS,21134.19,11134.19,169
BFINVEST.NS,21116.8,11116.8,269
BLUESTARCO.NS,21106.41,11106.41,242
GUJAPOLLO.NS,21029.26,11029.26,229
PRECOT.NS,21020.5,11020.5,209
ADL.NS,21007.29,11007.29,164
JKIL.NS,21006.24,11006.24,246
MASKINVEST.NS,20983.14,10983.14,164
JAIPURKURT.NS,20981.72,10981.72,141
UNITEDPOLY.NS,20975.2,10975.2,167
NACLIND.NS,20970.71,10970.71,184
GREENPOWER.NS,20917.71,10917.71,139
CCHHL.NS,20877.84,10877.84,164
DHANUKA.NS,20828.89,10828.89,237
3PLAND.NS,20767.79,10767.79,148
ELDEHSG.NS,20749.92,10749.92,263
VIRINCHI.NS,20707.74,10707.74,146
MANINDS.NS,20606.94,10606.94,177
GOKULAGRO.NS,20555.78,10555.78,171
CAPLIPOINT.NS,20554.57,10554.57,272
PVP.NS,20510.66,10510.66,186
RAMRAT.NS,20426.21,10426.21,214
LYPSAGEMS.NS,20426.02,10426.02,174
CINEVISTA.NS,20380.68,10380.68,196
IMFA.NS,20378.6,10378.6,242
TIPSFILMS.NS,20327.4,10327.4,228
DJML.NS,20304.13,10304.13,140
WELSPUNLIV.NS,20290.34,10290.34,171
GILLETTE.NS,20287.81,10287.81,209
ENERGYDEV.NS,20259.96,10259.96,132
PCJEWELLER.NS,20230.06,10230.06,177
SHRIRAMPPS.NS,20210.98,10210.98,188
BHARATRAS.NS,20153.51,10153.51,190
EMKAY.NS,20152.79,10152.79,185
ABMINTLLTD.NS,20151.81,10151.81,169
BHARATFORG.NS,20149.39,10149.39,261
KRISHANA.NS,20147.06,10147.06,195
DIXON.NS,20126.27,10126.27,199
VENUSREM.NS,20108.85,10108.85,183
RVHL.NS,20073.28,10073.28,139
ATULAUTO.NS,20070.4,10070.4,223
JSL.NS,20026.95,10026.95,259
ZEELEARN.NS,20018.95,10018.95,129
UTIAMC.NS,20012.77,10012.77,255
BEPL.NS,20001.28,10001.28,176
TCPLPACK.NS,19998.76,9998.76,261
CIGNITITEC.NS,19929.69,9929.69,241
WALCHANNAG.NS,19894.92,9894.92,223
DVL.NS,19870.07,9870.07,245
LALPATHLAB.NS,19864.96,9864.96,222
TEGA.NS,19858.39,9858.39,257
MAZDOCK.NS,19851.16,9851.16,231
SALSTEEL.NS,19843.73,9843.73,159
HINDPETRO.NS,19751.94,9751.94,181
TIPSMUSIC.NS,19746.97,9746.97,217
VIPULLTD.NS,19731.09,9731.09,167
HPIL.NS,19724.47,9724.47,188
PEARLPOLY.NS,19704.31,9704.31,135
BAJEL.NS,19671.42,9671.42,102
JUBLINGREA.NS,19647.49,9647.49,216
CAMLINFINE.NS,19571.54,9571.54,183
SOUTHBANK.NS,19546.29,9546.29,142
IONEXCHANG.NS,19545.09,9545.09,236
STLTECH.NS,19495.94,9495.94,201
SOLARINDS.NS,19491.02,9491.02,210
KAYA.NS,19480.54,9480.54,201
WABAG.NS,19478.79,9478.79,222
TDPOWERSYS.NS,19462.59,9462.59,212
FLEXITUFF.NS,19440.73,9440.73,173
ARVINDFASN.NS,19428.8,9428.8,204
TEMBO.NS,19425.03,9425.03,214
JINDALPHOT.NS,19424.75,9424.75,226
MSTCLTD.NS,19412.84,9412.84,246
MACPOWER.NS,19407.31,9407.31,223
ZYDUSLIFE.NS,19402.27,9402.27,222
APLAPOLLO.NS,19378.03,9378.03,256
OMINFRAL.NS,19372.79,9372.79,175
GENUSPAPER.NS,19367.13,9367.13,156
BIL.NS,19360.58,9360.58,211
SPMLINFRA.NS,19354.37,9354.37,149
KILITCH.NS,19339.81,9339.81,210
MANAKCOAT.NS,19312.79,9312.79,159
REFEX.NS,19274.65,9274.65,184
ZOTA.NS,19252.27,9252.27,198
DECCANCE.NS,19140.63,9140.63,252
ASPINWALL.NS,19128.46,9128.46,221
SGIL.NS,19125.05,9125.05,239
PANACHE.NS,19109.31,9109.31,194
TICL.NS,19085.45,9085.45,182
CLSEL.NS,19049.76,9049.76,196
COUNCODOS.NS,19030.49,9030.49,170
AKASH.NS,18993.89,8993.89,188
JSWENERGY.NS,18986.3,8986.3,230
LTFOODS.NS,18952.7,8952.7,89
GRAVITA.NS,18934.39,8934.39,219
WANBURY.NS,18916.63,8916.63,163
EMUDHRA.NS,18914.08,8914.08,247
VIPCLOTHNG.NS,18910.08,8910.08,188
GULFOILLUB.NS,18904.2,8904.2,230
BEDMUTHA.NS,18901.68,8901.68,190
ISFT.NS,18896.34,8896.34,189
TECHNOE.NS,18874.2,8874.2,221
BAJAJINDEF.NS,18868.11,8868.11,18
ICEMAKE.NS,18866.49,8866.49,237
NDL.NS,18847.61,8847.61,127
PENINLAND.NS,18826.29,8826.29,154
COSMOFIRST.NS,18737.63,8737.63,240
NDGL.NS,18719.19,8719.19,224
VENUSPIPES.NS,18697.24,8697.24,200
KEC.NS,18676.06,8676.06,242
ASIANHOTNR.NS,18662.82,8662.82,206
INDSWFTLAB.NS,18646.53,8646.53,176
SHAKTIPUMP.NS,18611.25,8611.25,181
CENTUM.NS,18593.99,8593.99,228
SOMICONVEY.NS,18590.19,8590.19,197
RPPINFRA.NS,18587.78,8587.78,158
NAVA.NS,18571.65,8571.65,188
MANKIND.NS,18564.25,8564.25,163
CARYSIL.NS,18562.88,8562.88,241
RSYSTEMS.NS,18541.7,8541.7,215
KRITIKA.NS,18491.58,8491.58,98
MASFIN.NS,18489.75,8489.75,241
UNIENTER.NS,18424.22,8424.22,174
NAGREEKCAP.NS,18412.1,8412.1,154
BBTCL.NS,18399.99,8399.99,232
TVSMOTOR.NS,18393.1,8393.1,236
JPPOWER.NS,18371.92,8371.92,154
VISAKAIND.NS,18365.02,8365.02,181
BBL.NS,18306.47,8306.47,226
ADVENZYMES.NS,18283.59,8283.59,211
GTL.NS,18257.55,8257.55,166
BFUTILITIE.NS,18252.46,8252.46,258
DCM.NS,18217.29,8217.29,177
PAVNAIND.NS,18197.05,8197.05,191
TAINWALCHM.NS,18189.62,8189.62,178
IVC.NS,18189.27,8189.27,152
DYNAMATECH.NS,18152.73,8152.73,219
SEJALLTD.NS,18152.1,8152.1,219
MUNJALAU.NS,18151.0,8151.0,180
TGBHOTELS.NS,18143.33,8143.33,217
ASTRAZEN.NS,18134.67,8134.67,208
TTL.NS,18132.47,8132.47,171
TRIVENI.NS,18042.75,8042.75,217
KFINTECH.NS,18025.7,8025.7,202
DCAL.NS,18016.72,8016.72,187
TBZ.NS,17979.72,7979.72,193
INDOBORAX.NS,17967.63,7967.63,186
PRESTIGE.NS,17962.6,7962.6,199
SWSOLAR.NS,17960.7,7960.7,223
CREDITACC.NS,17942.21,7942.21,222
MANAPPURAM.NS,17929.73,7929.73,204
CUMMINSIND.NS,17927.1,7927.1,236
ADROITINFO.NS,17898.71,7898.71,193
HAL.NS,17881.32,7881.32,200
BAFNAPH.NS,17880.78,7880.78,157
ASHIANA.NS,17872.86,7872.86,213
SJVN.NS,17858.88,7858.88,161
IMAGICAA.NS,17858.0,7858.0,171
SHREERAMA.NS,17855.93,7855.93,150
DGCONTENT.NS,17829.77,7829.77,167
SBC.NS,17799.75,7799.75,185
IREDA.NS,17792.95,7792.95,111
MEDANTA.NS,17761.69,7761.69,197
AGI.NS,17712.17,7712.17,222
RALLIS.NS,17669.87,7669.87,217
ADANIPOWER.NS,17667.6,7667.6,230
APOLLOPIPE.NS,17606.78,7606.78,232
GANGAFORGE.NS,17602.37,7602.37,145
KRITINUT.NS,17574.35,7574.35,177
WEBELSOLAR.NS,17568.1,7568.1,191
TIMESGTY.NS,17542.37,7542.37,174
EIHOTEL.NS,17542.31,7542.31,227
PFOCUS.NS,17536.99,7536.99,190
RICOAUTO.NS,17527.41,7527.41,188
OLECTRA.NS,17526.27,7526.27,232
JBMA.NS,17517.61,7517.61,214
IRCON.NS,17513.43,7513.43,193
PFS.NS,17510.99,7510.99,155
MINDACORP.NS,17498.59,7498.59,225
SJS.NS,17495.57,7495.57,238
DBREALTY.NS,17491.2,7491.2,197
FIBERWEB.NS,17477.52,7477.52,147
SARLAPOLY.NS,17452.14,7452.14,152
BASF.NS,17409.7,7409.7,210
SIGIND.NS,17318.52,7318.52,171
PLATIND.NS,17307.0,7307.0,99
NITCO.NS,17274.73,7274.73,146
MODISONLTD.NS,17274.29,7274.29,184
KREBSBIO.NS,17263.21,7263.21,178
SASKEN.NS,17213.69,7213.69,226
UNIVASTU.NS,17205.43,7205.43,177
BTML.NS,17175.55,7175.55,172
GOLDENTOBC.NS,17174.31,7174.31,145
AKZOINDIA.NS,17158.14,7158.14,204
MMP.NS,17147.8,7147.8,221
HINDWAREAP.NS,17137.73,7137.73,198
MENONBE.NS,17133.2,7133.2,199
BHAGCHEM.NS,17120.42,7120.42,203
SHANKARA.NS,17102.81,7102.81,268
OSWALSEEDS.NS,17097.41,7097.41,159
SMLISUZU.NS,17051.46,7051.46,260
NIPPOBATRY.NS,17035.32,7035.32,247
GICHSGFIN.NS,17017.49,7017.49,197
MAHABANK.NS,17016.42,7016.42,181
BEL.NS,17008.38,7008.38,222
DBCORP.NS,16985.18,6985.18,208
SALZERELEC.NS,16979.91,6979.91,197
SUNCLAY.NS,16978.49,6978.49,111
UNIVCABLES.NS,16976.23,6976.23,215
GODREJCP.NS,16943.11,6943.11,230
AMBER.NS,16940.2,6940.2,224
HIRECT.NS,16924.96,6924.96,238
SANGHVIMOV.NS,16919.37,6919.37,207
POLYMED.NS,16890.85,6890.85,226
THEINVEST.NS,16873.71,6873.71,154
YATHARTH.NS,16840.05,6840.05,144
AIIL.NS,16834.94,6834.94,88
SUPRIYA.NS,16811.49,6811.49,214
MCL.NS,16810.66,6810.66,186
BALKRISHNA.NS,16799.5,6799.5,175
SURAJEST.NS,16796.17,6796.17,97
KPIGREEN.NS,16793.27,6793.27,206
KINGFA.NS,16785.81,6785.81,249
ESABINDIA.NS,16778.02,6778.02,203
DHANBANK.NS,16737.83,6737.83,142
JSWSTEEL.NS,16713.12,6713.12,254
OMAXAUTO.NS,16707.62,6707.62,176
SANWARIA.NS,16679.84,6679.84,92
BANARBEADS.NS,16678.67,6678.67,187
INTLCONV.NS,16667.37,6667.37,187
GOLDIAM.NS,16665.43,6665.43,202
SAGARDEEP.NS,16636.52,6636.52,172
ORIENTHOT.NS,16634.89,6634.89,210
CEATLTD.NS,16629.44,6629.44,222
WENDT.NS,16626.37,6626.37,103
AARON.NS,16624.22,6624.22,247
FORTIS.NS,16613.57,6613.57,216
SIRCA.NS,16602.5,6602.5,213
NLCINDIA.NS,16602.49,6602.49,206
BALKRISIND.NS,16600.67,6600.67,225
PENIND.NS,16598.7,6598.7,201
NARMADA.NS,16586.93,6586.93,164
CUBEXTUB.NS,16564.88,6564.88,186
KIRLOSIND.NS,16553.01,6553.01,202
GODFRYPHLP.NS,16548.98,6548.98,224
NATIONALUM.NS,16520.42,6520.42,197
AKI.NS,16500.29,6500.29,115
BAJAJCON.NS,16447.71,6447.71,215
HINDCON.NS,16445.7,6445.7,166
BLISSGVS.NS,16432.36,6432.36,198
RELCHEMQ.NS,16427.03,6427.03,204
IPCALAB.NS,16400.44,6400.44,259
IFBAGRO.NS,16393.85,6393.85,234
OIL.NS,16385.9,6385.9,197
JHS.NS,16384.46,6384.46,169
MANGLMCEM.NS,16384.08,6384.08,205
ROTO.NS,16375.36,6375.36,169
ARVEE.NS,16370.23,6370.23,181
20MICRONS.NS,16357.67,6357.67,184
BPCL.NS,16336.76,6336.76,201
BLUEJET.NS,16312.23,6312.23,136
ETHOSLTD.NS,16296.25,6296.25,226
AXISCADES.NS,16291.4,6291.4,208
BLBLIMITED.NS,16290.48,6290.48,136
UNIONBANK.NS,16288.23,6288.23,164
KAPSTON.NS,16287.5,6287.5,192
CARERATING.NS,16280.4,6280.4,212
DONEAR.NS,16209.42,6209.42,164
ISGEC.NS,16167.52,6167.52,225
YASHO.NS,16165.87,6165.87,159
APOLSINHOT.NS,16146.48,6146.48,240
NUVAMA.NS,16134.06,6134.06,135
ULTRACEMCO.NS,16132.82,6132.82,234
RSSOFTWARE.NS,16130.26,6130.26,134
TTKHLTCARE.NS,16129.78,6129.78,240
SRM.NS,16072.89,6072.89,88
PREMIER.NS,16064.48,6064.48,132
TIRUMALCHM.NS,16061.6,6061.6,235
ARTEMISMED.NS,16050.99,6050.99,194
NIRAJ.NS,16045.44,6045.44,178
KOKUYOCMLN.NS,16041.94,6041.94,176
MAXIND.NS,16037.52,6037.52,178
AMBICAAGAR.NS,16022.41,6022.41,185
CAMS.NS,16004.2,6004.2,212
ATLANTAA.NS,16003.56,6003.56,187
ARVIND.NS,15997.77,5997.77,192
KHAICHEM.NS,15991.54,5991.54,189
RELIABLE.NS,15990.65,5990.65,168
KIRLOSENG.NS,15985.5,5985.5,228
INDOTECH.NS,15976.8,5976.8,225
CAPACITE.NS,15947.85,5947.85,193
BHAGERIA.NS,15940.4,5940.4,194
HILTON.NS,15925.28,5925.28,189
HUDCO.NS,15923.51,5923.51,176
HDFCAMC.NS,15916.4,5916.4,215
TIRUPATIFL.NS,15915.12,5915.12,131
COASTCORP.NS,15904.68,5904.68,174
AUBANK.NS,15893.41,5893.41,224
PASUPTAC.NS,15891.52,5891.52,165
DATAMATICS.NS,15884.99,5884.99,249
GESHIP.NS,15860.39,5860.39,260
SPLPETRO.NS,15839.88,5839.88,238
SANSERA.NS,15836.95,5836.95,229
NKIND.NS,15812.2,5812.2,171
ZENTEC.NS,15811.15,5811.15,220
GANECOS.NS,15799.45,5799.45,232
UMAEXPORTS.NS,15786.93,5786.93,196
GPTINFRA.NS,15786.76,5786.76,151
GEECEE.NS,15776.72,5776.72,219
STERTOOLS.NS,15755.24,5755.24,249
ASALCBR.NS,15750.17,5750.17,218
NRL.NS,15708.82,5708.82,176
POWERMECH.NS,15695.44,5695.44,205
NUCLEUS.NS,15688.08,5688.08,226
INDRAMEDCO.NS,15646.35,5646.35,173
KIRLPNU.NS,15642.61,5642.61,172
PILANIINVS.NS,15627.67,5627.67,213
ARCHIES.NS,15619.48,5619.48,158
MAPMYINDIA.NS,15604.91,5604.91,238
AVANTIFEED.NS,15597.95,5597.95,240
KALYANIFRG.NS,15580.83,5580.83,219
RADHIKAJWE.NS,15574.1,5574.1,158
ELECTCAST.NS,15566.75,5566.75,197
UTTAMSUGAR.NS,15565.39,5565.39,220
SCHNEIDER.NS,15563.0,5563.0,225
EQUITASBNK.NS,15534.46,5534.46,152
ITDCEM.NS,15490.02,5490.02,192
OPTIEMUS.NS,15487.44,5487.44,217
GEEKAYWIRE.NS,15469.89,5469.89,169
AJANTPHARM.NS,15457.08,5457.08,242
INDIANCARD.NS,15456.13,5456.13,199
ATLASCYCLE.NS,15453.22,5453.22,39
ECLERX.NS,15451.38,5451.38,225
MARKSANS.NS,15447.98,5447.98,187
KOHINOOR.NS,15444.19,5444.19,152
COMPUSOFT.NS,15440.08,5440.08,152
ZENITHSTL.NS,15434.29,5434.29,146
KMSUGAR.NS,15432.49,5432.49,171
ENTERO.NS,15426.25,5426.25,111
EXIDEIND.NS,15400.31,5400.31,194
INDIGO.NS,15396.75,5396.75,213
SUKHJITS.NS,15391.08,5391.08,198
NH.NS,15357.13,5357.13,261
GENUSPOWER.NS,15344.14,5344.14,176
MAGNUM.NS,15340.51,5340.51,142
MANAKSIA.NS,15325.41,5325.41,158
SPORTKING.NS,15319.54,5319.54,155
DNAMEDIA.NS,15312.58,5312.58,144
IL&FSENGG.NS,15307.2,5307.2,183
GEPIL.NS,15305.87,5305.87,208
EMAMIPAP.NS,15298.59,5298.59,195
WILLAMAGOR.NS,15287.32,5287.32,133
SGL.NS,15255.57,5255.57,173
OAL.NS,15239.57,5239.57,193
WELCORP.NS,15239.5,5239.5,234
IOLCP.NS,15211.25,5211.25,158
HECPROJECT.NS,15204.23,5204.23,162
PIONEEREMB.NS,15199.54,5199.54,162
GPPL.NS,15198.14,5198.14,174
BANARISUG.NS,15165.31,5165.31,234
ENGINERSIN.NS,15131.37,5131.37,205
RELTD.NS,15126.23,5126.23,64
IOC.NS,15121.08,5121.08,197
FEDERALBNK.NS,15117.63,5117.63,192
HOMEFIRST.NS,15115.27,5115.27,248
INDOWIND.NS,15106.28,5106.28,172
LFIC.NS,15096.82,5096.82,209
5PAISA.NS,15088.5,5088.5,256
GANDHITUBE.NS,15079.2,5079.2,280
RPGLIFE.NS,15070.57,5070.57,229
NBIFIN.NS,15055.25,5055.25,259
LT.NS,15054.78,5054.78,223
JMA.NS,15053.53,5053.53,181
MANUGRAPH.NS,15049.97,5049.97,169
BIRLAMONEY.NS,15046.86,5046.86,160
JOCIL.NS,15043.87,5043.87,222
AARTIDRUGS.NS,15043.71,5043.71,220
SBIN.NS,15037.47,5037.47,269
BAJFINANCE.NS,15037.09,5037.09,279
HOVS.NS,15031.42,5031.42,158
GVKPIL.NS,15021.57,5021.57,134
PTCIL.NS,14972.85,4972.85,97
AJOONI.NS,14959.1,4959.1,141
PSB.NS,14954.68,4954.68,165
STEELXIND.NS,14937.07,4937.07,189
SURYODAY.NS,14902.94,4902.94,197
STARCEMENT.NS,14894.47,4894.47,192
SESHAPAPER.NS,14881.78,4881.78,237
UCOBANK.NS,14876.77,4876.77,150
PDMJEPAPER.NS,14874.47,4874.47,188
HEG.NS,14874.23,4874.23,224
SUPREMEIND.NS,14873.43,4873.43,177
SUNDARMFIN.NS,14862.76,4862.76,227
KANPRPLA.NS,14858.21,4858.21,178
BRIGADE.NS,14850.36,4850.36,240
INSPIRISYS.NS,14850.32,4850.32,157
ORCHPHARMA.NS,14841.0,4841.0,205
NESCO.NS,14817.87,4817.87,242
VARDMNPOLY.NS,14814.0,4814.0,185
EDELWEISS.NS,14802.93,4802.93,210
REDINGTON.NS,14798.28,4798.28,218
TECHM.NS,14796.41,4796.41,227
ALEMBICLTD.NS,14794.93,4794.93,171
THERMAX.NS,14770.8,4770.8,209
PNBGILTS.NS,14770.56,4770.56,179
SWARAJENG.NS,14765.96,4765.96,240
TI.NS,14762.25,4762.25,193
RPOWER.NS,14760.72,4760.72,177
KRONOX.NS,14759.33,4759.33,62
TAJGVK.NS,14725.36,4725.36,211
SOTL.NS,14716.68,4716.68,210
CENTRUM.NS,14703.28,4703.28,147
MUKKA.NS,14696.68,4696.68,79
ERIS.NS,14693.09,4693.09,210
MAZDA.NS,14683.81,4683.81,191
PRICOLLTD.NS,14674.49,4674.49,233
BANG.NS,14672.2,4672.2,158
INNOVACAP.NS,14672.05,4672.05,114
LYKALABS.NS,14658.17,4658.17,164
DEVIT.NS,14640.24,4640.24,175
PREMIERPOL.NS,14637.11,4637.11,169
STEL.NS,14627.01,4627.01,183
BECTORFOOD.NS,14608.54,4608.54,221
CRISIL.NS,14592.36,4592.36,228
BIOFILCHEM.NS,14555.63,4555.63,152
SUVIDHAA.NS,14554.08,4554.08,163
RELIGARE.NS,14549.68,4549.68,202
DCW.NS,14549.08,4549.08,178
LOVABLE.NS,14548.42,4548.42,167
ADVANIHOTR.NS,14534.54,4534.54,200
EPACK.NS,14530.61,4530.61,83
RACE.NS,14523.95,4523.95,159
JAYAGROGN.NS,14521.05,4521.05,211
AVROIND.NS,14469.83,4469.83,197
SONACOMS.NS,14456.86,4456.86,252
LINCOLN.NS,14440.49,4440.49,278
MALLCOM.NS,14438.47,4438.47,242
PYRAMID.NS,14437.01,4437.01,129
VLSFINANCE.NS,14425.25,4425.25,204
MTNL.NS,14402.85,4402.85,151
GAIL.NS,14390.66,4390.66,178
SHRIRAMFIN.NS,14385.65,4385.65,249
SINDHUTRAD.NS,14385.6,4385.6,108
IKIO.NS,14384.72,4384.72,140
MARICO.NS,14384.0,4384.0,274
SIGNPOST.NS,14379.86,4379.86,104
DBL.NS,14361.31,4361.31,221
BEARDSELL.NS,14347.16,4347.16,162
DODLA.NS,14343.54,4343.54,217
GREAVESCOT.NS,14337.2,4337.2,194
VBL.NS,14334.1,4334.1,225
ADANIENT.NS,14322.31,4322.31,240
GICRE.NS,14320.94,4320.94,208
SDBL.NS,14308.1,4308.1,170
TASTYBITE.NS,14294.73,4294.73,124
KSB.NS,14281.26,4281.26,242
IEX.NS,14275.66,4275.66,196
TVSSRICHAK.NS,14271.3,4271.3,207
LUPIN.NS,14268.31,4268.31,257
UNIINFO.NS,14252.68,4252.68,169
JAYNECOIND.NS,14237.91,4237.91,140
DCMNVL.NS,14225.49,4225.49,218
REPRO.NS,14191.7,4191.7,215
LAURUSLABS.NS,14179.01,4179.01,233
MAYURUNIQ.NS,14173.55,4173.55,232
AARVEEDEN.NS,14170.09,4170.09,138
OFSS.NS,14164.23,4164.23,225
GOODLUCK.NS,14161.27,4161.27,228
TRENT.NS,14132.43,4132.43,228
SINTERCOM.NS,14125.16,4125.16,191
SCPL.NS,14123.15,4123.15,169
AURUM.NS,14120.02,4120.02,201
PLASTIBLEN.NS,14111.84,4111.84,227
HMT.NS,14105.09,4105.09,171
CANTABIL.NS,14089.89,4089.89,221
DOMS.NS,14080.43,4080.43,100
HINDZINC.NS,14075.75,4075.75,221
SAKSOFT.NS,14067.53,4067.53,194
CSBBANK.NS,14062.06,4062.06,220
COFORGE.NS,14059.6,4059.6,234
NSLNISP.NS,14053.28,4053.28,145
ASHOKLEY.NS,14034.35,4034.35,245
LPDC.NS,14032.99,4032.99,162
HEXATRADEX.NS,14028.98,4028.98,160
VASCONEQ.NS,14021.69,4021.69,175
LLOYDSME.NS,13999.93,3999.93,148
TCI.NS,13999.29,3999.29,240
INGERRAND.NS,13997.53,3997.53,227
SAMHI.NS,13993.62,3993.62,111
DCMSRIND.NS,13982.47,3982.47,203
KUANTUM.NS,13976.06,3976.06,222
HARDWYN.NS,13970.4,3970.4,174
CANBK.NS,13955.51,3955.51,163
JBCHEPHARM.NS,13950.27,3950.27,223
VPRPL.NS,13949.57,3949.57,119
SADBHIN.NS,13928.67,3928.67,146
UNIPARTS.NS,13918.0,3918.0,196
ASAHISONG.NS,13898.24,3898.24,194
SURYALAXMI.NS,13895.95,3895.95,182
MODIRUBBER.NS,13880.63,3880.63,200
HARIOMPIPE.NS,13878.13,3878.13,236
MADRASFERT.NS,13875.64,3875.64,190
GREENLAM.NS,13872.73,3872.73,258
JINDALSTEL.NS,13864.33,3864.33,216
AMRUTANJAN.NS,13858.88,3858.88,290
AMBUJACEM.NS,13857.86,3857.86,238
JSWINFRA.NS,13857.53,3857.53,137
CIPLA.NS,13856.58,3856.58,236
PNCINFRA.NS,13850.55,3850.55,196
HEADSUP.NS,13845.37,3845.37,207
MANGCHEFER.NS,13838.92,3838.92,172
KANANIIND.NS,13834.75,3834.75,149
JUBLFOOD.NS,13827.43,3827.43,241
SAMBHAAV.NS,13826.74,3826.74,116
GODREJAGRO.NS,13812.05,3812.05,253
BALPHARMA.NS,13804.7,3804.7,157
PATINTLOG.NS,13781.59,3781.59,163
ONESOURCE.NS,13778.85,3778.85,26
HITECHCORP.NS,13771.57,3771.57,236
UNITEDTEA.NS,13766.03,3766.03,249
HLVLTD.NS,13763.45,3763.45,163
SMCGLOBAL.NS,13761.65,3761.65,198
BHAGYANGR.NS,13739.24,3739.24,168
SAURASHCEM.NS,13727.29,3727.29,74
SHALBY.NS,13715.55,3715.55,233
JETFREIGHT.NS,13714.12,3714.12,206
MAHSEAMLES.NS,13711.18,3711.18,215
GRASIM.NS,13706.24,3706.24,244
ARVSMART.NS,13696.8,3696.8,234
CLEAN.NS,13690.5,3690.5,247
ELIN.NS,13690.14,3690.14,201
GLENMARK.NS,13679.35,3679.35,237
CGPOWER.NS,13678.37,3678.37,245
SANATHAN.NS,13667.4,3667.4,33
SAKAR.NS,13659.82,3659.82,218
IEL.NS,13652.32,3652.32,130
MOIL.NS,13650.09,3650.09,206
LICI.NS,13647.85,3647.85,232
NDRAUTO.NS,13646.38,3646.38,243
TIIL.NS,13617.92,3617.92,216
NAVNETEDUL.NS,13609.11,3609.11,170
CARBORUNIV.NS,13604.58,3604.58,221
AHLUCONT.NS,13599.03,3599.03,245
AUSOMENT.NS,13598.37,3598.37,191
SANOFI.NS,13598.23,3598.23,211
SHARDACROP.NS,13587.48,3587.48,224
NECLIFE.NS,13585.12,3585.12,165
HTMEDIA.NS,13578.34,3578.34,146
HBLENGINE.NS,13577.8,3577.8,27
SAMPANN.NS,13568.55,3568.55,173
GOACARBON.NS,13562.97,3562.97,252
RATEGAIN.NS,13562.25,3562.25,221
FELDVR.NS,13550.39,3550.39,162
SOLARA.NS,13545.49,3545.49,233
SAIL.NS,13529.8,3529.8,167
SAH.NS,13529.74,3529.74,135
SHRENIK.NS,13525.33,3525.33,118
SANDUMA.NS,13525.21,3525.21,112
BGRENERGY.NS,13525.13,3525.13,158
BOMDYEING.NS,13523.95,3523.95,174
COLPAL.NS,13518.31,3518.31,224
SEQUENT.NS,13510.17,3510.17,204
INTELLECT.NS,13505.39,3505.39,220
NESTLEIND.NS,13502.63,3502.63,233
CONTROLPR.NS,13494.12,3494.12,232
NATCOPHARM.NS,13486.76,3486.76,222
DPSCLTD.NS,13480.74,3480.74,208
PNC.NS,13474.89,3474.89,170
INFIBEAM.NS,13469.97,3469.97,173
DYNPRO.NS,13463.7,3463.7,232
IDEAFORGE.NS,13461.85,3461.85,154
GODAVARIB.NS,13460.51,3460.51,36
ELECON.NS,13459.35,3459.35,206
NITINSPIN.NS,13454.54,3454.54,213
SUNDARAM.NS,13447.56,3447.56,178
AGROPHOS.NS,13407.16,3407.16,131
SUPRAJIT.NS,13394.7,3394.7,242
APEX.NS,13394.36,3394.36,206
ICICIPRULI.NS,13378.22,3378.22,218
HLEGLAS.NS,13377.74,3377.74,190
EQUIPPP.NS,13333.61,3333.61,187
IVP.NS,13311.52,3311.52,208
PONNIERODE.NS,13302.16,3302.16,204
GULFPETRO.NS,13294.0,3294.0,145
HDFCLIFE.NS,13291.5,3291.5,222
NDLVENTURE.NS,13287.63,3287.63,124
MASTEK.NS,13267.8,3267.8,220
KARMAENG.NS,13263.38,3263.38,189
SONATSOFTW.NS,13261.22,3261.22,222
PAYTM.NS,13258.65,3258.65,209
FOCUS.NS,13247.13,3247.13,150
ZYDUSWELL.NS,13241.71,3241.71,221
HINDOILEXP.NS,13233.41,3233.41,218
FINCABLES.NS,13233.19,3233.19,204
AARVI.NS,13232.83,3232.83,193
STYLAMIND.NS,13231.27,3231.27,246
JAYBARMARU.NS,13227.36,3227.36,199
AEROFLEX.NS,13219.29,3219.29,132
IGPL.NS,13217.87,3217.87,227
MEDIASSIST.NS,13210.0,3210.0,106
CENTRALBK.NS,13198.87,3198.87,157
ADANIENSOL.NS,13194.3,3194.3,146
SBFC.NS,13194.03,3194.03,121
MUFIN.NS,13178.11,3178.11,116
MOTHERSON.NS,13177.84,3177.84,182
SCHAND.NS,13174.7,3174.7,222
COALINDIA.NS,13162.16,3162.16,266
GLAXO.NS,13151.39,3151.39,225
ANDHRSUGAR.NS,13150.73,3150.73,189
INOXINDIA.NS,13150.01,3150.01,109
UNIDT.NS,13139.21,3139.21,198
TORNTPHARM.NS,13128.64,3128.64,225
NTPC.NS,13112.31,3112.31,196
EASEMYTRIP.NS,13107.82,3107.82,167
SAMMAANCAP.NS,13106.94,3106.94,196
M&M.NS,13102.21,3102.21,207
PTC.NS,13099.79,3099.79,174
LINDEINDIA.NS,13087.74,3087.74,209
CARRARO.NS,13086.7,3086.7,18
AGIIL.NS,13085.18,3085.18,69
TATACONSUM.NS,13081.71,3081.71,242
VINDHYATEL.NS,13075.98,3075.98,223
GRPLTD.NS,13074.97,3074.97,195
CHALET.NS,13068.5,3068.5,237
KRISHIVAL.NS,13057.56,3057.56,214
SANDESH.NS,13034.61,3034.61,235
BLS.NS,13030.73,3030.73,209
ARMANFIN.NS,13030.6,3030.6,262
REMSONSIND.NS,13029.75,3029.75,191
UGROCAP.NS,13024.92,3024.92,237
SAILIFE.NS,13019.2,3019.2,35
TATACHEM.NS,13014.35,3014.35,269
KOPRAN.NS,13014.23,3014.23,179
APTUS.NS,13010.27,3010.27,216
OCCLLTD.NS,13009.07,3009.07,32
VEEDOL.NS,13000.13,3000.13,227
ASHOKAMET.NS,12997.57,2997.57,87
INDNIPPON.NS,12990.92,2990.92,253
GODREJIND.NS,12990.1,2990.1,258
VSTIND.NS,12988.3,2988.3,227
RAYMOND.NS,12985.62,2985.62,207
RAIN.NS,12985.46,2985.46,217
RAMANEWS.NS,12979.66,2979.66,159
KECL.NS,12967.32,2967.32,187
MOL.NS,12964.35,2964.35,179
DENORA.NS,12957.28,2957.28,207
SBILIFE.NS,12952.18,2952.18,238
SILVERTUC.NS,12949.22,2949.22,264
DRREDDY.NS,12943.9,2943.9,259
BANSWRAS.NS,12943.02,2943.02,175
SWIGGY.NS,12933.85,2933.85,29
RAMAPHO.NS,12922.31,2922.31,161
XCHANGING.NS,12920.03,2920.03,155
ONGC.NS,12906.33,2906.33,182
SAPPHIRE.NS,12876.66,2876.66,220
PILITA.NS,12872.68,2872.68,177
NAHARSPING.NS,12860.74,2860.74,229
ITI.NS,12855.55,2855.55,196
ICICIGI.NS,12852.4,2852.4,243
WAAREEENER.NS,12841.95,2841.95,34
RUCHINFRA.NS,12835.2,2835.2,191
CHEMPLASTS.NS,12835.04,2835.04,241
MAHSCOOTER.NS,12833.62,2833.62,170
ORBTEXP.NS,12830.77,2830.77,213
POWERINDIA.NS,12824.88,2824.88,210
MEDPLUS.NS,12824.3,2824.3,233
REPCOHOME.NS,12822.29,2822.29,247
KIMS.NS,12816.21,2816.21,213
CESC.NS,12815.53,2815.53,184
BAYERCROP.NS,12811.98,2811.98,222
RSWM.NS,12811.0,2811.0,215
JINDWORLD.NS,12810.52,2810.52,184
TMB.NS,12810.27,2810.27,217
SHAHALLOYS.NS,12807.47,2807.47,183
BSL.NS,12806.56,2806.56,188
ACEINTEG.NS,12795.59,2795.59,154
BCLIND.NS,12794.62,2794.62,143
DHANI.NS,12789.36,2789.36,170
ICICIBANK.NS,12787.34,2787.34,253
MIDHANI.NS,12773.16,2773.16,222
XTGLOBAL.NS,12771.81,2771.81,46
BANKBARODA.NS,12766.74,2766.74,198
BANSALWIRE.NS,12753.8,2753.8,78
CYIENT.NS,12738.5,2738.5,232
VALIANTLAB.NS,12728.46,2728.46,101
JINDALSAW.NS,12710.98,2710.98,200
MINDTECK.NS,12701.5,2701.5,182
TEXINFRA.NS,12692.99,2692.99,198
AJMERA.NS,12689.78,2689.78,204
MCLEODRUSS.NS,12684.24,2684.24,172
INDORAMA.NS,12682.35,2682.35,156
BANKA.NS,12670.02,2670.02,214
PNB.NS,12668.49,2668.49,159
POWERGRID.NS,12659.84,2659.84,214
HUBTOWN.NS,12652.55,2652.55,199
ITC.NS,12627.0,2627.0,247
BOROLTD.NS,12623.06,2623.06,210
UNIMECH.NS,12612.9,2612.9,21
BHARTIARTL.NS,12610.08,2610.08,237
BALUFORGE.NS,12604.88,2604.88,75
KKCL.NS,12604.73,2604.73,261
VAISHALI.NS,12587.57,2587.57,177
HBSL.NS,12577.84,2577.84,167
AAVAS.NS,12563.3,2563.3,221
JTEKTINDIA.NS,12562.29,2562.29,192
MAWANASUG.NS,12560.62,2560.62,154
UYFINCORP.NS,12560.51,2560.51,35
TEXRAIL.NS,12552.83,2552.83,184
RCF.NS,12550.6,2550.6,166
LUMAXIND.NS,12550.54,2550.54,244
JGCHEM.NS,12545.29,2545.29,76
SREEL.NS,12545.22,2545.22,206
COROMANDEL.NS,12527.9,2527.9,212
PRECAM.NS,12509.43,2509.43,189
ZAGGLE.NS,12498.7,2498.7,116
FINPIPE.NS,12488.87,2488.87,210
GMBREW.NS,12486.33,2486.33,230
OBCL.NS,12482.61,2482.61,155
EIMCOELECO.NS,12473.27,2473.27,212
RITCO.NS,12470.62,2470.62,210
GUFICBIO.NS,12468.01,2468.01,211
SUNDRMBRAK.NS,12460.7,2460.7,232
HEMIPROP.NS,12460.42,2460.42,157
RADICO.NS,12448.23,2448.23,229
TRANSRAILL.NS,12448.1,2448.1,28
VIDHIING.NS,12439.15,2439.15,260
TVSELECT.NS,12436.06,2436.06,229
ELGIRUBCO.NS,12432.84,2432.84,189
QPOWER.NS,12426.1,2426.1,4
A2ZINFRA.NS,12420.6,2420.6,165
RML.NS,12416.7,2416.7,253
FUSION.NS,12415.94,2415.94,194
KPRMILL.NS,12411.42,2411.42,271
SUBROS.NS,12403.84,2403.84,202
KPEL.NS,12399.71,2399.71,33
SOBHA.NS,12388.89,2388.89,246
AIAENG.NS,12376.22,2376.22,227
JYOTHYLAB.NS,12370.54,2370.54,227
NEWGEN.NS,12370.52,2370.52,234
MMTC.NS,12369.55,2369.55,162
TIMETECHNO.NS,12364.39,2364.39,172
ZODIACLOTH.NS,12364.39,2364.39,154
VALIANTORG.NS,12352.74,2352.74,223
KELLTONTEC.NS,12349.52,2349.52,142
TATAMOTORS.NS,12337.12,2337.12,238
BIGBLOC.NS,12335.77,2335.77,186
ATAM.NS,12324.28,2324.28,131
STALLION.NS,12317.61,2317.61,16
TEJASNET.NS,12316.52,2316.52,218
MAGADSUGAR.NS,12305.36,2305.36,231
ZFCVINDIA.NS,12303.01,2303.01,64
NAHARCAP.NS,12298.38,2298.38,208
LAXMIDENTL.NS,12297.55,2297.55,28
ZENITHEXPO.NS,12284.22,2284.22,188
IRB.NS,12283.5,2283.5,132
XPROINDIA.NS,12281.15,2281.15,253
DEN.NS,12270.32,2270.32,148
BALMLAWRIE.NS,12267.64,2267.64,187
SHARDAMOTR.NS,12267.38,2267.38,236
MAANALU.NS,12266.48,2266.48,199
LAOPALA.NS,12262.4,2262.4,202
EIDPARRY.NS,12255.05,2255.05,229
LINC.NS,12248.87,2248.87,155
LIBERTSHOE.NS,12238.95,2238.95,214
GRAPHITE.NS,12231.65,2231.65,242
ALANKIT.NS,12219.94,2219.94,189
NRAIL.NS,12212.46,2212.46,198
FINOPB.NS,12204.71,2204.71,191
CYBERTECH.NS,12199.88,2199.88,182
HINDCOMPOS.NS,12181.11,2181.11,215
IFCI.NS,12180.01,2180.01,163
SHREEPUSHK.NS,12174.44,2174.44,234
HERITGFOOD.NS,12171.8,2171.8,198
SYRMA.NS,12164.37,2164.37,191
ACE.NS,12156.25,2156.25,268
ZIMLAB.NS,12147.43,2147.43,175
MARATHON.NS,12143.8,2143.8,230
NECCLTD.NS,12140.54,2140.54,129
INDOSTAR.NS,12131.85,2131.85,211
SRGHFL.NS,12119.45,2119.45,136
ORISSAMINE.NS,12110.9,2110.9,220
USHAMART.NS,12085.48,2085.48,249
PFIZER.NS,12079.49,2079.49,187
FIRSTCRY.NS,12078.25,2078.25,44
PARKHOTELS.NS,12074.24,2074.24,100
LEMONTREE.NS,12066.38,2066.38,177
HDFCBANK.NS,12055.99,2055.99,225
HEIDELBERG.NS,12054.74,2054.74,214
NAZARA.NS,12054.5,2054.5,214
TFL.NS,12047.06,2047.06,176
ABB.NS,12043.55,2043.55,213
CCL.NS,12038.79,2038.79,267
KEI.NS,12025.22,2025.22,202
ORIENTCEM.NS,12018.03,2018.03,195
THOMASCOOK.NS,12011.1,2011.1,198
LTF.NS,12004.93,2004.93,181
PALASHSECU.NS,12004.12,2004.12,170
HGINFRA.NS,11997.27,1997.27,232
BALRAMCHIN.NS,11995.42,1995.42,215
SHYAMMETL.NS,11983.9,1983.9,225
NHPC.NS,11983.54,1983.54,146
DLF.NS,11972.18,1972.18,242
MAMATA.NS,11970.3,1970.3,24
INDIASHLTR.NS,11967.44,1967.44,120
RTNINDIA.NS,11957.26,1957.26,184
VENKEYS.NS,11948.03,1948.03,237
DALMIASUG.NS,11946.16,1946.16,249
LATENTVIEW.NS,11932.9,1932.9,221
FIEMIND.NS,11929.74,1929.74,230
MOHITIND.NS,11919.58,1919.58,151
DIVISLAB.NS,11916.13,1916.13,233
SYMPHONY.NS,11915.27,1915.27,243
MUTHOOTFIN.NS,11911.68,1911.68,229
ORCHASP.NS,11904.23,1904.23,18
MHRIL.NS,11896.6,1896.6,214
VGUARD.NS,11888.34,1888.34,231
GRANULES.NS,11876.98,1876.98,222
HEXT.NS,11875.45,1875.45,18
RKEC.NS,11868.49,1868.49,180
INSECTICID.NS,11853.37,1853.37,232
ARCHIDPLY.NS,11848.05,1848.05,190
IITL.NS,11846.98,1846.98,159
SUNPHARMA.NS,11839.66,1839.66,268
PODDARMENT.NS,11829.21,1829.21,245
IRCTC.NS,11824.24,1824.24,226
SAGILITY.NS,11817.52,1817.52,31
KICL.NS,11803.7,1803.7,218
JLHL.NS,11800.81,1800.81,138
KTKBANK.NS,11795.71,1795.71,208
RUSTOMJEE.NS,11795.01,1795.01,217
MODTHREAD.NS,11792.09,1792.09,75
BSOFT.NS,11790.9,1790.9,210
RADIANTCMS.NS,11779.6,1779.6,149
ICRA.NS,11777.41,1777.41,211
UBL.NS,11767.52,1767.52,256
TIINDIA.NS,11765.64,1765.64,266
ADANIPORTS.NS,11762.67,1762.67,239
EMMBI.NS,11752.76,1752.76,161
PRAKASH.NS,11748.68,1748.68,176
INDIAMART.NS,11738.95,1738.95,208
JTLIND.NS,11735.87,1735.87,189
MARALOVER.NS,11730.26,1730.26,180
SAKUMA.NS,11722.48,1722.48,110
HARSHA.NS,11719.93,1719.93,216
APCOTEXIND.NS,11719.87,1719.87,242
ATALREAL.NS,11705.74,1705.74,163
EPIGRAL.NS,11696.75,1696.75,154
SUMICHEM.NS,11692.72,1692.72,234
GPTHEALTH.NS,11683.21,1683.21,97
DTIL.NS,11676.93,1676.93,233
VTL.NS,11674.59,1674.59,211
CREATIVE.NS,11666.72,1666.72,218
VSTTILLERS.NS,11662.37,1662.37,213
CUB.NS,11661.3,1661.3,191
CHAMBLFERT.NS,11659.48,1659.48,224
SANGHIIND.NS,11648.41,1648.41,158
SHEMAROO.NS,11645.66,1645.66,174
ARENTERP.NS,11641.84,1641.84,151
PDSL.NS,11630.99,1630.99,232
LTTS.NS,11624.57,1624.57,202
INDHOTEL.NS,11620.13,1620.13,233
JINDALPOLY.NS,11619.67,1619.67,226
RKSWAMY.NS,11616.88,1616.88,82
ABDL.NS,11615.02,1615.02,72
BAJAJ-AUTO.NS,11608.98,1608.98,228
DOLLAR.NS,11607.54,1607.54,242
TRITURBINE.NS,11601.34,1601.34,237
BAJAJHLDNG.NS,11597.39,1597.39,198
PAKKA.NS,11584.76,1584.76,128
RHL.NS,11581.84,1581.84,165
YESBANK.NS,11579.22,1579.22,153
MAXESTATES.NS,11563.01,1563.01,98
ZUARIIND.NS,11557.91,1557.91,196
MAHAPEXLTD.NS,11557.79,1557.79,193
KCPSUGIND.NS,11555.27,1555.27,130
NAHARINDUS.NS,11550.37,1550.37,188
PROZONER.NS,11547.56,1547.56,150
MOBIKWIK.NS,11544.14,1544.14,22
GEOJITFSL.NS,11534.44,1534.44,198
AUTOAXLES.NS,11529.89,1529.89,249
SHREYANIND.NS,11525.8,1525.8,220
INTERARCH.NS,11508.7,1508.7,56
ASAL.NS,11503.34,1503.34,203
BAJAJHIND.NS,11495.79,1495.79,158
ASKAUTOLTD.NS,11472.58,1472.58,109
RETAIL.NS,11467.65,1467.65,51
SKFINDIA.NS,11457.3,1457.3,183
BHARATGEAR.NS,11455.35,1455.35,178
MAHESHWARI.NS,11452.86,1452.86,164
HAVELLS.NS,11450.32,1450.32,225
STOVEKRAFT.NS,11450.19,1450.19,224
GODREJPROP.NS,11444.5,1444.5,227
DEVYANI.NS,11438.67,1438.67,216
VINATIORGA.NS,11429.79,1429.79,229
OMAXE.NS,11422.32,1422.32,176
AZAD.NS,11416.9,1416.9,107
TEXMOPIPES.NS,11414.0,1414.0,204
KSCL.NS,11407.09,1407.09,232
SUMEETINDS.NS,11399.06,1399.06,115
ARIHANTCAP.NS,11391.17,1391.17,186
ANUHPHR.NS,11390.11,1390.11,20
MOTOGENFIN.NS,11388.37,1388.37,170
KSOLVES.NS,11388.33,1388.33,204
RGL.NS,11386.42,1386.42,171
MANAKALUCO.NS,11375.74,1375.74,118
UFO.NS,11338.01,1338.01,200
ROLEXRINGS.NS,11337.46,1337.46,243
NELCAST.NS,11329.56,1329.56,174
ORIENTCER.NS,11321.56,1321.56,82
TVSHLTD.NS,11285.9,1285.9,168
AMDIND.NS,11282.36,1282.36,161
EIHAHOTELS.NS,11278.17,1278.17,213
ENIL.NS,11251.28,1251.28,162
JSFB.NS,11247.4,1247.4,96
IIFLCAPS.NS,11244.95,1244.95,24
PEL.NS,11244.02,1244.02,223
AADHARHFC.NS,11240.5,1240.5,82
GENESYS.NS,11239.85,1239.85,218
SHAREINDIA.NS,11231.89,1231.89,198
DATAPATTNS.NS,11229.29,1229.29,215
RPEL.NS,11228.65,1228.65,57
CASTROLIND.NS,11223.6,1223.6,199
RPPL.NS,11214.29,1214.29,159
UNIECOM.NS,11212.3,1212.3,51
JAYSREETEA.NS,11201.51,1201.51,159
TATAPOWER.NS,11201.05,1201.05,225
BIKAJI.NS,11195.67,1195.67,186
BHEL.NS,11193.31,1193.31,163
INDTERRAIN.NS,11188.37,1188.37,161
CTE.NS,11184.15,1184.15,159
MANCREDIT.NS,11164.15,1164.15,58
GOENKA.NS,11162.87,1162.87,127
KOTAKBANK.NS,11154.26,1154.26,224
HEUBACHIND.NS,11154.25,1154.25,212
SURAKSHA.NS,11142.6,1142.6,30
TVSSCS.NS,11134.11,1134.11,114
SIL.NS,11127.49,1127.49,145
CHOLAHLDNG.NS,11127.16,1127.16,217
HITECH.NS,11125.51,1125.51,141
ESSENTIA.NS,11122.12,1122.12,150
KARURVYSYA.NS,11117.75,1117.75,185
FCSSOFT.NS,11116.91,1116.91,141
PPAP.NS,11114.8,1114.8,211
ALLDIGI.NS,11112.75,1112.75,48
GARUDA.NS,11110.8,1110.8,39
APLLTD.NS,11102.43,1102.43,239
CHENNPETRO.NS,11101.41,1101.41,237
AUROPHARMA.NS,11100.44,1100.44,244
VMART.NS,11095.6,1095.6,224
UFLEX.NS,11090.91,1090.91,213
COFFEEDAY.NS,11088.58,1088.58,144
JKLAKSHMI.NS,11086.97,1086.97,254
VIJAYA.NS,11076.97,1076.97,231
PRSMJOHNSN.NS,11076.97,1076.97,186
TRIDENT.NS,11076.4,1076.4,180
NBCC.NS,11070.56,1070.56,156
CDSL.NS,11062.79,1062.79,202
HCG.NS,11059.2,1059.2,234
KANSAINER.NS,11040.68,1040.68,226
WONDERLA.NS,11030.51,1030.51,194
VADILALIND.NS,11029.65,1029.65,229
QUESS.NS,11012.26,1012.26,239
BLACKBUCK.NS,11005.75,1005.75,49
CHEVIOT.NS,11003.96,1003.96,242
KHANDSE.NS,10986.79,986.79,160
GIPCL.NS,10982.2,982.2,200
SHIVALIK.NS,10979.0,979.0,238
KIOCL.NS,10972.33,972.33,201
MONARCH.NS,10964.9,964.9,204
PRAXIS.NS,10964.33,964.33,184
ORTINGLOBE.NS,10963.23,963.23,32
JAGRAN.NS,10961.07,961.07,153
RPSGVENT.NS,10959.05,959.05,232
PSPPROJECT.NS,10955.7,955.7,277
IMPEXFERRO.NS,10954.3,954.3,157
KAMATHOTEL.NS,10943.52,943.52,186
PRABHA.NS,10939.43,939.43,9
METROPOLIS.NS,10938.67,938.67,236
TOTAL.NS,10938.6,938.6,223
IZMO.NS,10931.5,931.5,208
PATANJALI.NS,10929.66,929.66,233
UNICHEMLAB.NS,10925.8,925.8,253
TTML.NS,10921.58,921.58,168
SUPREME.NS,10920.89,920.89,14
NIVABUPA.NS,10917.08,917.08,26
SCHAEFFLER.NS,10914.53,914.53,216
HUHTAMAKI.NS,10905.38,905.38,233
INDIANHUME.NS,10905.17,905.17,200
HIKAL.NS,10902.51,902.51,190
AARTECH.NS,10902.23,902.23,123
TRU.NS,10898.13,898.13,127
ASAHIINDIA.NS,10897.2,897.2,253
HFCL.NS,10891.83,891.83,182
CONSOFINVT.NS,10884.95,884.95,202
APOLLOHOSP.NS,10882.98,882.98,212
DMART.NS,10871.0,871.0,218
LXCHEM.NS,10870.08,870.08,196
AGARWALEYE.NS,10856.35,856.35,16
LMW.NS,10845.07,845.07,10
WIPL.NS,10835.58,835.58,194
HIMATSEIDE.NS,10832.2,832.2,165
EMBDL.NS,10831.93,831.93,52
KRBL.NS,10823.73,823.73,201
RATNAMANI.NS,10818.78,818.78,214
TFCILTD.NS,10815.21,815.21,192
RAMCOSYS.NS,10812.9,812.9,204
ACCURACY.NS,10810.86,810.86,169
KITEX.NS,10802.18,802.18,166
RISHABH.NS,10797.22,797.22,117
JKCEMENT.NS,10797.01,797.01,229
FLAIR.NS,10796.79,796.79,106
YAARI.NS,10796.25,796.25,173
TERASOFT.NS,10793.94,793.94,161
MFSL.NS,10780.5,780.5,244
VENTIVE.NS,10776.75,776.75,35
UNITDSPR.NS,10770.92,770.92,73
PARADEEP.NS,10763.87,763.87,171
PIDILITIND.NS,10761.28,761.28,223
ADFFOODS.NS,10756.92,756.92,194
POLYPLEX.NS,10753.82,753.82,216
GMRAIRPORT.NS,10748.6,748.6,160
SIGNATURE.NS,10738.85,738.85,127
JUBLPHARMA.NS,10729.31,729.31,214
LAXMICOT.NS,10727.45,727.45,115
TATAINVEST.NS,10717.13,717.13,216
JIOFIN.NS,10710.86,710.86,120
DUCON.NS,10700.89,700.89,128
ITCHOTELS.NS,10698.08,698.08,14
MAITHANALL.NS,10696.99,696.99,215
GLOBUSSPR.NS,10695.04,695.04,219
AAATECH.NS,10680.74,680.74,185
SHANTIGEAR.NS,10680.66,680.66,233
RAMASTEEL.NS,10678.36,678.36,195
PARAGMILK.NS,10675.63,675.63,199
VAIBHAVGBL.NS,10662.93,662.93,213
AGARIND.NS,10660.49,660.49,238
GANGESSECU.NS,10657.69,657.69,188
BHARATSE.NS,10644.29,644.29,6
RELIANCE.NS,10630.56,630.56,255
LODHA.NS,10628.07,628.07,216
NIBL.NS,10626.62,626.62,148
MPHASIS.NS,10624.62,624.62,217
ARKADE.NS,10617.62,617.62,39
QUADFUTURE.NS,10613.1,613.1,20
TITAN.NS,10612.67,612.67,212
NAUKRI.NS,10610.06,610.06,230
NIBE.NS,10607.3,607.3,14
NEOGEN.NS,10605.83,605.83,277
VISHNU.NS,10602.15,602.15,212
DIVGIITTS.NS,10595.02,595.02,174
EVERESTIND.NS,10593.78,593.78,226
KMEW.NS,10591.35,591.35,46
AARTISURF.NS,10590.55,590.55,242
OSWALGREEN.NS,10589.14,589.14,141
RANASUG.NS,10584.81,584.81,141
GREENPLY.NS,10566.13,566.13,217
ONELIFECAP.NS,10561.1,561.1,190
NATCAPSUQ.NS,10558.75,558.75,13
PRITIKAUTO.NS,10556.45,556.45,165
GOPAL.NS,10554.69,554.69,101
SENORES.NS,10553.65,553.65,23
WHEELS.NS,10541.04,541.04,255
RUCHIRA.NS,10534.6,534.6,163
MARUTI.NS,10532.76,532.76,94
BAIDFIN.NS,10530.6,530.6,144
BALAJITELE.NS,10525.09,525.09,164
GLOSTERLTD.NS,10513.19,513.19,100
HINDUNILVR.NS,10512.89,512.89,200
ASIANTILES.NS,10499.06,499.06,174
ESTER.NS,10496.74,496.74,160
GUJTHEM.NS,10495.35,495.35,13
JISLJALEQS.NS,10493.48,493.48,156
BHARTIHEXA.NS,10492.87,492.87,101
NRBBEARING.NS,10489.17,489.17,197
SRF.NS,10479.18,479.18,230
SASTASUNDR.NS,10478.34,478.34,220
CAPITALSFB.NS,10476.09,476.09,82
PRIMESECU.NS,10471.84,471.84,161
MANBA.NS,10469.72,469.72,53
SYNGENE.NS,10458.09,458.09,264
KOLTEPATIL.NS,10455.75,455.75,219
ALBERTDAVD.NS,10432.78,432.78,233
AFSL.NS,10429.95,429.95,173
FOODSIN.NS,10427.57,427.57,196
YUKEN.NS,10426.66,426.66,230
DEEDEV.NS,10418.0,418.0,79
AMJLAND.NS,10416.62,416.62,121
NSIL.NS,10409.5,409.5,245
JPOLYINVST.NS,10404.75,404.75,246
ESCORTS.NS,10402.09,402.09,198
INOXWIND.NS,10399.37,399.37,186
CROMPTON.NS,10393.13,393.13,196
GULPOLY.NS,10390.16,390.16,227
KAKATCEM.NS,10387.89,387.89,213
SOFTTECH.NS,10387.6,387.6,190
LAGNAM.NS,10385.5,385.5,174
PTL.NS,10381.8,381.8,176
ISHANCH.NS,10377.64,377.64,4
CINELINE.NS,10373.6,373.6,179
HAPPYFORGE.NS,10372.39,372.39,107
CPCAP.NS,10362.04,362.04,9
PANSARI.NS,10357.59,357.59,174
EUREKAFORB.NS,10347.05,347.05,60
GSFC.NS,10324.22,324.22,204
LLOYDSENT.NS,10315.97,315.97,26
SGLTL.NS,10314.85,314.85,20
BORORENEW.NS,10312.05,312.05,235
MOREPENLAB.NS,10306.19,306.19,137
PALREDTEC.NS,10303.86,303.86,209
ICIL.NS,10302.68,302.68,202
SKMEGGPROD.NS,10300.9,300.9,227
IGL.NS,10300.83,300.83,233
TCS.NS,10298.3,298.3,207
URJA.NS,10296.74,296.74,173
HATSUN.NS,10296.68,296.68,227
ALICON.NS,10288.8,288.8,223
JUBLCPL.NS,10286.8,286.8,10
GFLLIMITED.NS,10272.56,272.56,193
WIPRO.NS,10272.41,272.41,219
GSLSU.NS,10267.38,267.38,147
INDUSTOWER.NS,10250.65,250.65,221
ROSSTECH.NS,10249.65,249.65,27
APOLLOTYRE.NS,10247.35,247.35,220
LUMAXTECH.NS,10245.79,245.79,205
SMSPHARMA.NS,10243.55,243.55,163
BANKINDIA.NS,10240.75,240.75,184
KDDL.NS,10239.72,239.72,221
CUPID.NS,10229.73,229.73,167
STEELCITY.NS,10219.18,219.18,155
CENTEXT.NS,10207.79,207.79,152
GILLANDERS.NS,10207.34,207.34,186
EXXARO.NS,10196.23,196.23,215
STARPAPER.NS,10176.66,176.66,190
APTECHT.NS,10176.18,176.18,224
KPITTECH.NS,10176.05,176.05,264
SUNFLAG.NS,10175.67,175.67,193
M&MFIN.NS,10175.53,175.53,234
SARDAEN.NS,10168.52,168.52,199
FDC.NS,10163.41,163.41,244
IFGLEXPOR.NS,10153.05,153.05,230
VMM.NS,10151.45,151.45,20
NIITMTS.NS,10149.11,149.11,121
DANGEE.NS,10141.07,141.07,167
CEIGALL.NS,10131.35,131.35,54
AVANTEL.NS,10118.85,118.85,56
LANDMARK.NS,10118.33,118.33,200
NETWEB.NS,10114.42,114.42,136
AVTNPL.NS,10107.62,107.62,189
GALAXYSURF.NS,10105.65,105.65,229
BRITANNIA.NS,10089.13,89.13,190
ALOKINDS.NS,10086.11,86.11,173
MSUMI.NS,10083.26,83.26,158
CMSINFO.NS,10080.38,80.38,215
MANORAMA.NS,10078.95,78.95,223
NIACL.NS,10073.79,73.79,186
STANLEY.NS,10073.4,73.4,59
LICHSGFIN.NS,10073.24,73.24,245
ECOSMOBLTY.NS,10059.81,59.81,39
ABCAPITAL.NS,10059.57,59.57,220
UDS.NS,10058.35,58.35,104
MOLDTKPAC.NS,10052.67,52.67,251
SUNDROP.NS,10046.7,46.7,10
HCL-INSYS.NS,10044.13,44.13,150
AYMSYNTEX.NS,10042.69,42.69,198
POONAWALLA.NS,10040.55,40.55,224
AJAXENGG.NS,10036.3,36.3,10
SIYSIL.NS,10033.97,33.97,225
LTIM.NS,10029.97,29.97,220
CRAFTSMAN.NS,10029.43,29.43,208
SBGLP.NS,10023.24,23.24,120
FLUOROCHEM.NS,10020.22,20.22,231
HINDALCO.NS,10010.43,10.43,221
IGIL.NS,10006.45,6.45,18
SHREECEM.NS,10000.0,0.0,0
MRF.NS,10000.0,0.0,0
ABBOTINDIA.NS,10000.0,0.0,0
PAGEIND.NS,10000.0,0.0,0
BOSCHLTD.NS,10000.0,0.0,0
PGHH.NS,10000.0,0.0,0
HONAUT.NS,10000.0,0.0,0
3MINDIA.NS,10000.0,0.0,0
INDOFARM.NS,9991.68,-8.32,20
SUPREMEINF.NS,9984.07,-15.93,158
INDGN.NS,9976.29,-23.71,76
SBICARD.NS,9974.99,-25.01,251
IDFCFIRSTB.NS,9956.76,-43.24,182
RBZJEWEL.NS,9953.48,-46.52,97
CHEMFAB.NS,9951.98,-48.02,193
DCXINDIA.NS,9950.75,-49.25,175
HEROMOTOCO.NS,9938.3,-61.7,191
ALKALI.NS,9936.16,-63.84,178
PIIND.NS,9934.8,-65.2,211
RRKABEL.NS,9932.9,-67.1,104
IKS.NS,9928.55,-71.45,37
FMGOETZE.NS,9916.35,-83.65,240
SULA.NS,9912.53,-87.47,161
ORICONENT.NS,9912.09,-87.91,153
SHIVAMILLS.NS,9910.8,-89.2,164
MITCON.NS,9904.69,-95.31,180
INFY.NS,9901.84,-98.16,243
EIEL.NS,9901.69,-98.31,32
SUNTECK.NS,9900.63,-99.37,214
DREDGECORP.NS,9878.3,-121.7,202
PPLPHARMA.NS,9871.05,-128.95,151
OSIAHYPER.NS,9867.78,-132.22,174
HYUNDAI.NS,9866.95,-133.05,38
PGHL.NS,9865.5,-134.5,222
BALAJEE.NS,9863.53,-136.47,23
HCLTECH.NS,9860.3,-139.7,201
CHEMBOND.NS,9855.95,-144.05,217
KCP.NS,9851.67,-148.33,180
PANACEABIO.NS,9847.13,-152.87,198
STCINDIA.NS,9846.95,-153.05,178
GARFIBRES.NS,9846.21,-153.79,218
MMFL.NS,9845.42,-154.58,253
AVALON.NS,9838.45,-161.55,178
VARROC.NS,9825.1,-174.9,181
JKTYRE.NS,9824.01,-175.99,215
SANOFICONR.NS,9823.39,-176.61,53
DICIND.NS,9817.88,-182.12,237
SFL.NS,9816.4,-183.6,240
BAJAJFINSV.NS,9812.82,-187.18,229
KNRCON.NS,9810.46,-189.54,225
DDEVPLSTIK.NS,9805.45,-194.55,15
HESTERBIO.NS,9798.18,-201.82,198
EMSLIMITED.NS,9795.93,-204.07,118
EICHERMOT.NS,9795.09,-204.91,234
CIEINDIA.NS,9792.49,-207.51,250
CERA.NS,9785.84,-214.16,217
ONMOBILE.NS,9783.58,-216.42,190
OILCOUNTUB.NS,9778.75,-221.25,164
JAMNAAUTO.NS,9777.24,-222.76,181
RANEHOLDIN.NS,9772.97,-227.03,222
PRIVISCL.NS,9757.08,-242.92,253
EMIL.NS,9749.81,-250.19,176
IGARASHI.NS,9744.11,-255.89,208
SANSTAR.NS,9743.89,-256.11,53
TVTODAY.NS,9743.69,-256.31,209
WESTLIFE.NS,9743.12,-256.88,276
JUSTDIAL.NS,9736.49,-263.51,275
BODALCHEM.NS,9727.67,-272.33,190
RUBFILA.NS,9724.05,-275.95,48
ALPA.NS,9719.01,-280.99,166
LORDSCHLO.NS,9715.62,-284.38,109
HNDFDS.NS,9713.59,-286.41,180
SAHYADRI.NS,9711.97,-288.03,160
CALSOFT.NS,9711.87,-288.13,169
SIEMENS.NS,9695.3,-304.7,201
VOLTAS.NS,9683.74,-316.26,225
MATRIMONY.NS,9681.38,-318.62,225
DHRUV.NS,9680.91,-319.09,157
SMSLIFE.NS,9672.19,-327.81,225
SSDL.NS,9671.48,-328.52,42
NETWORK18.NS,9669.65,-330.35,187
NCLIND.NS,9650.72,-349.28,227
CENTENKA.NS,9644.9,-355.1,246
INDOCO.NS,9644.87,-355.13,244
TALBROAUTO.NS,9631.06,-368.94,228
THYROCARE.NS,9630.3,-369.7,225
TRANSWORLD.NS,9628.75,-371.25,32
FINEORG.NS,9624.91,-375.09,193
RBA.NS,9619.02,-380.98,173
RAJRATAN.NS,9614.6,-385.4,237
AKUMS.NS,9606.85,-393.15,52
CONCORDBIO.NS,9606.82,-393.18,142
UCAL.NS,9603.89,-396.11,114
CHOLAFIN.NS,9599.76,-400.24,261
TATACOMM.NS,9594.09,-405.91,62
KRN.NS,9577.7,-422.3,48
ASTRAL.NS,9575.04,-424.96,223
DALBHARAT.NS,9564.3,-435.7,229
PURVA.NS,9562.83,-437.17,181
DIGIDRIVE.NS,9558.21,-441.79,82
LAKPRE.NS,9557.75,-442.25,130
GTLINFRA.NS,9549.79,-450.21,135
SUNTV.NS,9527.38,-472.62,252
JISLDVREQS.NS,9526.39,-473.61,139
BIOCON.NS,9526.05,-473.95,219
AKSHOPTFBR.NS,9523.61,-476.39,184
PITTIENG.NS,9517.95,-482.05,203
SHIVAMAUTO.NS,9516.84,-483.16,157
NAHARPOLY.NS,9508.96,-491.04,201
GANESHBE.NS,9507.74,-492.26,194
LOKESHMACH.NS,9506.0,-494.0,201
OBEROIRLTY.NS,9503.71,-496.29,240
TPLPLASTEH.NS,9503.31,-496.69,159
MUTHOOTMF.NS,9501.02,-498.98,104
CANFINHOME.NS,9500.04,-499.96,244
TOLINS.NS,9497.59,-502.41,53
AFFORDABLE.NS,9491.35,-508.65,28
NTPCGREEN.NS,9488.56,-511.44,32
AFFLE.NS,9484.0,-516.0,240
AIRAN.NS,9472.6,-527.4,162
STAR.NS,9470.65,-529.35,230
HPAL.NS,9470.1,-529.9,170
HCC.NS,9463.34,-536.66,135
AMNPLST.NS,9457.78,-542.22,122
KPIL.NS,9456.14,-543.86,150
GINNIFILA.NS,9448.67,-551.33,146
SSWL.NS,9436.09,-563.91,197
SPECIALITY.NS,9435.87,-564.13,223
AKSHARCHEM.NS,9433.55,-566.45,219
AHLEAST.NS,9428.97,-571.03,184
POLYCAB.NS,9418.66,-581.34,202
DMCC.NS,9417.23,-582.77,205
MCLOUD.NS,9413.88,-586.12,17
STYRENIX.NS,9409.1,-590.9,231
PATELENG.NS,9406.46,-593.54,163
DENTA.NS,9406.1,-593.9,16
JCHAC.NS,9388.04,-611.96,250
GODIGIT.NS,9384.25,-615.75,79
INDBANK.NS,9381.0,-619.0,151
VESUVIUS.NS,9378.6,-621.4,230
SUBEXLTD.NS,9367.42,-632.58,178
MTARTECH.NS,9365.35,-634.65,251
EMCURE.NS,9352.85,-647.15,75
MAHLOG.NS,9349.91,-650.09,240
NOVAAGRI.NS,9346.67,-653.33,62
CLEDUCATE.NS,9345.65,-654.35,189
CELEBRITY.NS,9333.78,-666.22,179
CEWATER.NS,9330.35,-669.65,29
AAKASH.NS,9325.42,-674.58,147
GATEWAY.NS,9320.92,-679.08,186
IDBI.NS,9307.13,-692.87,172
TBOTEK.NS,9305.7,-694.3,79
ZENSARTECH.NS,9304.78,-695.22,230
KRYSTAL.NS,9294.96,-705.04,120
ESSARSHPNG.NS,9284.28,-715.72,179
MUNJALSHOW.NS,9281.72,-718.28,204
LGBBROSLTD.NS,9281.4,-718.6,256
NILAINFRA.NS,9264.2,-735.8,159
GLOBAL.NS,9257.43,-742.57,189
JNKINDIA.NS,9252.16,-747.84,85
CSLFINANCE.NS,9249.95,-750.05,218
AETHER.NS,9238.6,-761.4,250
VETO.NS,9233.27,-766.73,186
HMVL.NS,9228.41,-771.59,164
STYLEBAAZA.NS,9226.05,-773.95,40
SECMARK.NS,9220.13,-779.87,97
EIFFL.NS,9218.08,-781.92,170
PUNJABCHEM.NS,9216.4,-783.6,205
RAMCOIND.NS,9211.82,-788.18,193
AWFIS.NS,9211.0,-789.0,86
GOYALALUM.NS,9210.2,-789.8,156
RELAXO.NS,9203.05,-796.95,215
SIS.NS,9201.2,-798.8,237
VINCOFE.NS,9198.92,-801.08,34
SUNDRMFAST.NS,9195.06,-804.94,253
SNOWMAN.NS,9186.02,-813.98,163
NUVOCO.NS,9176.0,-824.0,220
AFIL.NS,9171.01,-828.99,49
PRITI.NS,9165.86,-834.14,192
BAJAJHFL.NS,9162.18,-837.82,36
PETRONET.NS,9161.11,-838.89,200
AVL.NS,9160.07,-839.93,38
REDTAPE.NS,9156.7,-843.3,114
SIMBHALS.NS,9145.2,-854.8,150
INCREDIBLE.NS,9137.16,-862.84,161
FILATEX.NS,9123.84,-876.16,140
MANALIPETC.NS,9120.94,-879.06,198
TANLA.NS,9116.88,-883.12,224
IDEA.NS,9114.45,-885.55,167
LIKHITHA.NS,9108.05,-891.95,239
VAKRANGEE.NS,9100.5,-899.5,165
NAVKARURB.NS,9091.76,-908.24,21
NAGAFERT.NS,9082.25,-917.75,190
ALIVUS.NS,9078.1,-921.9,28
SIKKO.NS,9072.5,-927.5,200
AIROLAM.NS,9071.51,-928.49,197
BASML.NS,9071.24,-928.76,133
TARSONS.NS,9060.89,-939.11,223
KANORICHEM.NS,9059.61,-940.39,188
ODIGMA.NS,9057.82,-942.18,20
MASTERTR.NS,9044.78,-955.22,19
AEGISLOG.NS,9043.25,-956.75,82
MUFTI.NS,9040.5,-959.5,100
SHIVATEX.NS,9036.6,-963.4,219
SUZLON.NS,9032.06,-967.94,159
MOSCHIP.NS,9028.24,-971.76,10
MANYAVAR.NS,9019.96,-980.04,221
PRUDMOULI.NS,9012.92,-987.08,70
ALKEM.NS,9011.66,-988.34,203
COMSYN.NS,9003.0,-997.0,86
AAREYDRUGS.NS,9001.94,-998.06,152
SILGO.NS,9001.54,-998.46,141
KRSNAA.NS,8998.79,-1001.21,238
AWL.NS,8993.11,-1006.89,226
ACCELYA.NS,8988.57,-1011.43,242
TATASTEEL.NS,8983.28,-1016.72,148
BAGFILMS.NS,8983.13,-1016.87,148
VASWANI.NS,8964.28,-1035.72,145
GNA.NS,8961.2,-1038.8,223
MAXHEALTH.NS,8956.18,-1043.82,243
METROBRAND.NS,8952.42,-1047.58,222
MANAKSTEEL.NS,8952.27,-1047.73,156
EPL.NS,8946.25,-1053.75,209
DCMSHRIRAM.NS,8939.41,-1060.59,255
JYOTISTRUC.NS,8935.4,-1064.6,140
NAVINFLUOR.NS,8923.65,-1076.35,211
AFCONS.NS,8921.45,-1078.55,44
PCBL.NS,8897.67,-1102.33,209
IRISDOREME.NS,8893.41,-1106.59,155
RACLGEAR.NS,8883.45,-1116.55,35
DEEPAKFERT.NS,8872.28,-1127.72,225
MFML.NS,8866.48,-1133.52,42
SECURKLOUD.NS,8865.69,-1134.31,176
GRINDWELL.NS,8860.96,-1139.04,222
TATATECH.NS,8857.12,-1142.88,115
IOB.NS,8853.19,-1146.81,150
SHREDIGCEM.NS,8850.28,-1149.72,189
PNGJL.NS,8841.05,-1158.95,47
VERTOZ.NS,8827.4,-1172.6,163
PRAENG.NS,8826.27,-1173.73,188
TRACXN.NS,8813.81,-1186.19,150
CAPTRUST.NS,8813.15,-1186.85,146
KROSS.NS,8811.91,-1188.09,63
ENDURANCE.NS,8790.02,-1209.98,221
UDAICEMENT.NS,8789.02,-1210.98,47
RAJTV.NS,8773.67,-1226.33,152
SHALPAINTS.NS,8756.59,-1243.41,168
FEDFINA.NS,8756.52,-1243.48,83
AKG.NS,8752.92,-1247.08,166
POKARNA.NS,8743.2,-1256.8,228
STARHEALTH.NS,8742.3,-1257.7,232
MANOMAY.NS,8737.0,-1263.0,165
COCHINSHIP.NS,8725.74,-1274.26,198
PREMIERENE.NS,8709.8,-1290.2,52
JMFINANCIL.NS,8697.96,-1302.04,163
ONWARDTEC.NS,8689.42,-1310.58,191
FAIRCHEMOR.NS,8689.08,-1310.92,204
AROGRANITE.NS,8686.4,-1313.6,144
DIAMINESQ.NS,8684.96,-1315.04,125
ARTNIRMAN.NS,8682.49,-1317.51,180
LIBAS.NS,8678.87,-1321.13,179
MANGALAM.NS,8672.57,-1327.43,182
AUTOIND.NS,8670.0,-1330.0,176
VCL.NS,8659.49,-1340.51,123
RAMCOCEM.NS,8655.93,-1344.07,234
NMDC.NS,8639.4,-1360.6,164
TEAMLEASE.NS,8636.05,-1363.95,203
HATHWAY.NS,8632.66,-1367.34,147
BLUEDART.NS,8631.36,-1368.64,211
GSPL.NS,8610.31,-1389.69,215
NOIDATOLL.NS,8608.13,-1391.87,148
EXICOM.NS,8607.64,-1392.36,71
HINDMOTORS.NS,8600.57,-1399.43,192
MIRCELECTR.NS,8588.67,-1411.33,152
CYIENTDLM.NS,8574.15,-1425.85,163
TRF.NS,8570.45,-1429.55,211
DIAMONDYD.NS,8565.49,-1434.51,198
DAMCAPITAL.NS,8563.74,-1436.26,32
AHLADA.NS,8554.78,-1445.22,164
CORDSCABLE.NS,8537.31,-1462.69,195
OSWALAGRO.NS,8524.74,-1475.26,184
ANIKINDS.NS,8521.32,-1478.68,176
IFBIND.NS,8520.41,-1479.59,211
EXPLEOSOL.NS,8512.06,-1487.94,243
NELCO.NS,8508.38,-1491.62,250
NITIRAJ.NS,8502.38,-1497.62,206
TNPL.NS,8490.28,-1509.72,206
MEGASOFT.NS,8484.43,-1515.57,176
DREAMFOLKS.NS,8479.99,-1520.01,198
RENUKA.NS,8470.36,-1529.64,126
ASIANPAINT.NS,8468.85,-1531.15,228
MOTISONS.NS,8464.94,-1535.06,58
RAMKY.NS,8454.75,-1545.25,229
SUMMITSEC.NS,8448.15,-1551.85,205
MANORG.NS,8435.05,-1564.95,220
YATRA.NS,8434.59,-1565.41,104
VIKASECO.NS,8432.24,-1567.76,134
JINDRILL.NS,8430.83,-1569.17,201
PVRINOX.NS,8424.75,-1575.25,195
KRITI.NS,8412.72,-1587.28,157
NORTHARC.NS,8411.02,-1588.98,45
GENCON.NS,8410.13,-1589.87,176
ANDHRAPAP.NS,8407.39,-1592.61,154
SHK.NS,8396.36,-1603.64,189
TREL.NS,8385.16,-1614.84,93
IL&FSTRANS.NS,8381.4,-1618.6,128
SAGCEM.NS,8376.62,-1623.38,223
EVEREADY.NS,8375.73,-1624.27,226
DBSTOCKBRO.NS,8352.49,-1647.51,123
TARMAT.NS,8349.84,-1650.16,172
KALAMANDIR.NS,8347.41,-1652.59,92
AVADHSUGAR.NS,8341.2,-1658.8,222
INFOBEAN.NS,8340.78,-1659.22,243
TOUCHWOOD.NS,8336.26,-1663.74,193
HARRMALAYA.NS,8321.35,-1678.65,188
VEDL.NS,8320.97,-1679.03,201
PRINCEPIPE.NS,8319.7,-1680.3,236
KAUSHALYA.NS,8303.65,-1696.35,205
ADSL.NS,8301.11,-1698.89,202
ACL.NS,8290.91,-1709.09,147
SUTLEJTEX.NS,8284.63,-1715.37,172
AXISBANK.NS,8281.13,-1718.87,246
RKFORGE.NS,8279.79,-1720.21,244
SURANASOL.NS,8275.92,-1724.08,149
GKWLIMITED.NS,8263.5,-1736.5,213
TECILCHEM.NS,8261.59,-1738.41,118
CELLO.NS,8245.78,-1754.22,118
FEL.NS,8244.81,-1755.19,106
SETUINFRA.NS,8243.33,-1756.67,113
ASTRON.NS,8240.25,-1759.75,151
VHL.NS,8221.71,-1778.29,235
LOTUSEYE.NS,8217.84,-1782.16,165
SPIC.NS,8214.91,-1785.09,172
VSSL.NS,8213.78,-1786.22,215
DIGJAMLMTD.NS,8181.55,-1818.45,131
ORIENTPPR.NS,8166.7,-1833.3,154
EXCELINDUS.NS,8149.58,-1850.42,205
BESTAGRO.NS,8138.3,-1861.7,138
SHYAMCENT.NS,8137.23,-1862.77,168
IMPAL.NS,8126.99,-1873.01,228
ARE&M.NS,8109.76,-1890.24,141
SINCLAIR.NS,8103.4,-1896.6,62
BLSE.NS,8102.94,-1897.06,100
MGEL.NS,8094.11,-1905.89,183
INDIACEM.NS,8083.17,-1916.83,199
BAJAJHCARE.NS,8076.65,-1923.35,203
HONDAPOWER.NS,8045.45,-1954.55,185
ESAFSFB.NS,8035.48,-1964.52,86
DBEIL.NS,8026.56,-1973.44,39
GRINFRA.NS,8015.75,-1984.25,230
TIMKEN.NS,8015.35,-1984.65,224
SRD.NS,8014.97,-1985.03,47
PPL.NS,7988.48,-2011.52,223
CARTRADE.NS,7986.1,-2013.9,249
TRIGYN.NS,7983.49,-2016.51,155
SCI.NS,7975.09,-2024.91,196
ACMESOLAR.NS,7964.76,-2035.24,34
GANDHAR.NS,7957.78,-2042.22,99
UTKARSHBNK.NS,7954.84,-2045.16,83
ALKYLAMINE.NS,7945.97,-2054.03,210
RBLBANK.NS,7942.73,-2057.27,213
GATECH.NS,7942.36,-2057.64,56
MVGJL.NS,7924.35,-2075.65,121
NYKAA.NS,7920.04,-2079.96,214
ITDC.NS,7914.13,-2085.87,228
DCBBANK.NS,7907.49,-2092.51,175
SYNCOMF.NS,7904.52,-2095.48,122
SOMANYCERA.NS,7904.46,-2095.54,240
KHADIM.NS,7900.7,-2099.3,222
BLKASHYAP.NS,7900.26,-2099.74,177
NOCIL.NS,7893.25,-2106.75,231
SURANAT&P.NS,7888.21,-2111.79,147
BATAINDIA.NS,7885.48,-2114.52,219
AMBIKCO.NS,7884.49,-2115.51,253
BIRLACABLE.NS,7883.25,-2116.75,202
IIFL.NS,7880.28,-2119.72,242
LANCORHOL.NS,7876.75,-2123.25,70
UNOMINDA.NS,7876.18,-2123.82,214
GOLDTECH.NS,7859.04,-2140.96,194
SATIA.NS,7854.78,-2145.22,197
UJJIVANSFB.NS,7846.01,-2153.99,146
PAISALO.NS,7832.72,-2167.28,136
GLOBALE.NS,7830.11,-2169.89,30
VINNY.NS,7816.21,-2183.79,133
HONASA.NS,7812.11,-2187.89,139
MONTECARLO.NS,7800.02,-2199.98,255
MAHLIFE.NS,7792.34,-2207.66,218
ORIENTBELL.NS,7756.3,-2243.7,217
JUNIPER.NS,7755.45,-2244.55,83
MRPL.NS,7752.22,-2247.78,183
VRAJ.NS,7733.77,-2266.23,70
SURAJLTD.NS,7732.87,-2267.13,42
GUJGASLTD.NS,7731.44,-2268.56,219
CORALFINAC.NS,7696.21,-2303.79,154
GMMPFAUDLR.NS,7690.78,-2309.22,239
HAPPSTMNDS.NS,7680.53,-2319.47,220
NILKAMAL.NS,7676.13,-2323.87,198
ROML.NS,7663.1,-2336.9,166
ALPHAGEO.NS,7661.58,-2338.42,227
ABFRL.NS,7657.77,-2342.23,204
GAEL.NS,7642.7,-2357.3,183
RVTH.NS,7642.25,-2357.75,34
IPL.NS,7639.32,-2360.68,212
DLINKINDIA.NS,7637.81,-2362.19,216
AXITA.NS,7607.61,-2392.39,155
FCL.NS,7605.16,-2394.84,220
MOLDTECH.NS,7602.61,-2397.39,191
INDOUS.NS,7591.88,-2408.12,39
DEEPAKNTR.NS,7591.81,-2408.19,230
TPHQ.NS,7583.99,-2416.01,91
DABUR.NS,7580.69,-2419.31,226
VRLLOG.NS,7555.3,-2444.7,241
GHCLTEXTIL.NS,7544.56,-2455.44,121
KAJARIACER.NS,7543.93,-2456.07,222
BOROSCI.NS,7543.18,-2456.82,59
RUSHIL.NS,7542.6,-2457.4,141
SHOPERSTOP.NS,7509.8,-2490.2,235
ACI.NS,7504.96,-2495.04,218
MBAPL.NS,7480.12,-2519.88,214
VOLTAMP.NS,7466.18,-2533.82,181
EMAMILTD.NS,7454.25,-2545.75,215
SRHHYPOLTD.NS,7437.5,-2562.5,230
CENTURYPLY.NS,7432.29,-2567.71,249
INDOAMIN.NS,7429.02,-2570.98,178
BROOKS.NS,7405.14,-2594.86,173
RUPA.NS,7398.23,-2601.77,205
WCIL.NS,7392.67,-2607.33,37
NAGREEKEXP.NS,7383.67,-2616.33,128
GALAPREC.NS,7382.9,-2617.1,50
RHIM.NS,7379.11,-2620.89,241
ROLTA.NS,7374.27,-2625.73,87
DELTACORP.NS,7373.16,-2626.84,192
DHUNINV.NS,7373.0,-2627.0,259
INDIGOPNTS.NS,7369.53,-2630.47,219
VINYLINDIA.NS,7358.43,-2641.57,195
RAJSREESUG.NS,7349.24,-2650.76,168
SAKHTISUG.NS,7345.06,-2654.94,142
DPWIRES.NS,7338.17,-2661.83,214
MALUPAPER.NS,7333.67,-2666.33,131
ROSSARI.NS,7329.65,-2670.35,232
ACLGATI.NS,7318.74,-2681.26,171
PROTEAN.NS,7317.5,-2682.5,20
DWARKESH.NS,7290.51,-2709.49,178
ZEEL.NS,7289.43,-2710.57,187
CHEMCON.NS,7289.19,-2710.81,235
SMARTLINK.NS,7288.35,-2711.65,207
ABAN.NS,7287.17,-2712.83,179
IRMENERGY.NS,7265.63,-2734.37,105
DELPHIFX.NS,7255.76,-2744.24,189
TATAELXSI.NS,7254.49,-2745.51,144
ATL.NS,7241.77,-2758.23,101
JYOTICNC.NS,7228.65,-2771.35,107
BAJAJELEC.NS,7214.47,-2785.53,217
SPARC.NS,7203.58,-2796.42,188
TCIEXP.NS,7195.12,-2804.88,224
ACC.NS,7133.42,-2866.58,238
RAYMONDLSL.NS,7127.3,-2872.7,41
MEGASTAR.NS,7109.48,-2890.52,195
IXIGO.NS,7101.28,-2898.72,72
DHAMPURSUG.NS,7083.95,-2916.05,200
AARTIIND.NS,7073.82,-2926.18,225
TTKPRESTIG.NS,7070.77,-2929.23,243
ORIENTALTL.NS,7062.26,-2937.74,134
BERGEPAINT.NS,7052.45,-2947.55,229
CONCOR.NS,7051.71,-2948.29,242
SCILAL.NS,7041.9,-2958.1,74
KIRIINDUS.NS,7033.59,-2966.41,226
ROUTE.NS,7021.06,-2978.94,248
LAL.NS,7020.52,-2979.48,128
ORIENTLTD.NS,6995.13,-3004.87,172
USK.NS,6993.1,-3006.9,123
BIRLACORPN.NS,6988.82,-3011.18,246
ATGL.NS,6956.27,-3043.73,213
GUJALKALI.NS,6933.38,-3066.62,244
LASA.NS,6933.32,-3066.68,157
ANURAS.NS,6925.18,-3074.82,234
SUYOG.NS,6924.3,-3075.7,47
SPLIL.NS,6923.13,-3076.87,179
UGARSUGAR.NS,6917.6,-3082.4,148
GOKUL.NS,6897.71,-3102.29,129
GHCL.NS,6875.66,-3124.34,228
SPENCERS.NS,6859.4,-3140.6,188
VIKASLIFE.NS,6857.04,-3142.96,115
ASTEC.NS,6845.79,-3154.21,238
ASHIMASYN.NS,6845.33,-3154.67,158
FIVESTAR.NS,6840.45,-3159.55,212
ZUARI.NS,6828.44,-3171.56,186
RATNAVEER.NS,6779.09,-3220.91,112
SABTNL.NS,6773.7,-3226.3,152
NDTV.NS,6767.33,-3232.67,198
EKC.NS,6760.63,-3239.37,186
PARAS.NS,6756.2,-3243.8,213
MUTHOOTCAP.NS,6749.8,-3250.2,201
PAR.NS,6710.47,-3289.53,199
SWANENERGY.NS,6697.6,-3302.4,226
BPL.NS,6688.64,-3311.36,213
KHAITANLTD.NS,6642.09,-3357.91,185
SPANDANA.NS,6634.02,-3365.98,220
KOTARISUG.NS,6610.27,-3389.73,143
ANGELONE.NS,6607.1,-3392.9,204
RIIL.NS,6601.31,-3398.69,218
DBOL.NS,6580.06,-3419.94,179
INTENTECH.NS,6576.44,-3423.56,182
HMAAGRO.NS,6552.73,-3447.27,118
BRNL.NS,6552.48,-3447.52,170
SADHNANIQ.NS,6508.54,-3491.46,126
NURECA.NS,6506.51,-3493.49,205
INDUSINDBK.NS,6495.95,-3504.05,250
VISHWARAJ.NS,6493.86,-3506.14,191
NAVKARCORP.NS,6491.92,-3508.08,163
PVSL.NS,6466.0,-3534.0,78
APCL.NS,6452.75,-3547.25,192
BALAXI.NS,6452.71,-3547.29,181
GUJRAFFIA.NS,6447.67,-3552.33,147
TATVA.NS,6445.6,-3554.4,232
HERANBA.NS,6432.73,-3567.27,219
ATUL.NS,6418.39,-3581.61,156
ALLCARGO.NS,6417.17,-3582.83,174
GODHA.NS,6377.48,-3622.52,118
STARTECK.NS,6368.13,-3631.87,190
MURUDCERA.NS,6349.97,-3650.03,128
BARBEQUE.NS,6345.5,-3654.5,225
TNPETRO.NS,6331.47,-3668.53,190
DIFFNKG.NS,6330.14,-3669.86,44
DISHTV.NS,6326.97,-3673.03,176
ORIENTTECH.NS,6301.84,-3698.16,62
OLAELEC.NS,6287.77,-3712.23,27
SENCO.NS,6286.08,-3713.92,134
ROSSELLIND.NS,6273.77,-3726.23,212
CONFIPET.NS,6273.11,-3726.89,173
UPL.NS,6267.28,-3732.72,238
VERANDA.NS,6262.27,-3737.73,194
SWELECTES.NS,6235.63,-3764.37,217
MGL.NS,6230.42,-3769.58,209
SANGINITA.NS,6222.93,-3777.07,168
LLOYDSENGG.NS,6193.97,-3806.03,115
GREENPANEL.NS,6172.9,-3827.1,196
KEYFINSERV.NS,6162.72,-3837.28,200
DOLATALGO.NS,6140.1,-3859.9,167
SICALLOG.NS,6138.54,-3861.46,76
SBCL.NS,6134.05,-3865.95,224
REPL.NS,6128.95,-3871.05,190
SEPC.NS,6123.62,-3876.38,165
VSTL.NS,6113.8,-3886.2,94
ZEEMEDIA.NS,6103.52,-3896.48,195
NATHBIOGEN.NS,6102.09,-3897.91,205
SVPGLOB.NS,6099.05,-3900.95,145
BHARATWIRE.NS,6090.71,-3909.29,232
VARDHACRLC.NS,6063.42,-3936.58,164
DELHIVERY.NS,6058.36,-3941.64,211
ANMOL.NS,6050.09,-3949.91,167
RPTECH.NS,6048.4,-3951.6,86
GTECJAINX.NS,6012.25,-3987.75,110
WHIRLPOOL.NS,5990.45,-4009.55,216
SATIN.NS,5965.03,-4034.97,212
BANDHANBNK.NS,5962.24,-4037.76,178
RADIOCITY.NS,5959.33,-4040.67,186
DIACABS.NS,5954.2,-4045.8,96
GANESHHOUC.NS,5895.62,-4104.38,238
GLOBE.NS,5887.71,-4112.29,135
ORIENTELEC.NS,5856.18,-4143.82,189
GRMOVER.NS,5810.19,-4189.81,204
PLAZACABLE.NS,5795.6,-4204.4,80
WEWIN.NS,5784.44,-4215.56,166
INVENTURE.NS,5782.03,-4217.97,107
MITTAL.NS,5772.49,-4227.51,153
LOYALTEX.NS,5761.23,-4238.77,207
MUKTAARTS.NS,5759.75,-4240.25,166
DIL.NS,5727.36,-4272.64,138
SMLT.NS,5713.34,-4286.66,183
RUBYMILLS.NS,5700.45,-4299.55,197
DIGISPICE.NS,5679.78,-4320.22,150
BALAMINES.NS,5672.64,-4327.36,214
RAJESHEXPO.NS,5659.65,-4340.35,215
VIPIND.NS,5627.25,-4372.75,241
GTPL.NS,5600.03,-4399.97,201
DAVANGERE.NS,5575.81,-4424.19,54
BUTTERFLY.NS,5547.65,-4452.35,230
JKPAPER.NS,5545.81,-4454.19,223
TAKE.NS,5524.87,-4475.13,136
CEREBRAINT.NS,5519.2,-4480.8,140
XELPMOC.NS,5518.41,-4481.59,164
VINEETLAB.NS,5487.09,-4512.91,182
LAMBODHARA.NS,5465.05,-4534.95,214
ANSALAPI.NS,5434.08,-4565.92,161
SUPERHOUSE.NS,5427.62,-4572.38,201
KAMOPAINTS.NS,5415.47,-4584.53,101
GOCOLORS.NS,5400.7,-4599.3,229
KOTHARIPRO.NS,5398.44,-4601.56,189
NGIL.NS,5381.02,-4618.98,164
GNFC.NS,5293.2,-4706.8,236
UNIVPHOTO.NS,5271.9,-4728.1,224
ELGIEQUIP.NS,5180.61,-4819.39,239
HGS.NS,5075.09,-4924.91,237
SEAMECLTD.NS,4953.5,-5046.5,219
RAJMET.NS,4950.74,-5049.26,174
MHLXMIRU.NS,4928.87,-5071.13,182
SEMAC.NS,4906.43,-5093.57,209
TREEHOUSE.NS,4850.81,-5149.19,169
CAMPUS.NS,4786.56,-5213.44,212
FILATFASH.NS,4779.28,-5220.72,39
MEDICAMEQ.NS,4702.19,-5297.81,235
ADANIGREEN.NS,4658.05,-5341.95,215
HERCULES.NS,4653.66,-5346.34,217
MEDICO.NS,4608.7,-5391.3,152
MOTILALOFS.NS,4602.76,-5397.24,225
CGCL.NS,4588.69,-5411.31,205
JAICORPLTD.NS,4564.03,-5435.97,201
WSTCSTPAPR.NS,4555.43,-5444.57,231
3IINFOLTD.NS,4474.83,-5525.17,163
LUXIND.NS,4412.2,-5587.8,213
KSHITIJPOL.NS,4283.97,-5716.03,136
SPCENET.NS,4199.16,-5800.84,119
MTEDUCARE.NS,4037.44,-5962.56,128
LEXUS.NS,4006.83,-5993.17,188
SIGACHI.NS,3997.94,-6002.06,161
GLAND.NS,3965.85,-6034.15,170
AKSHAR.NS,3602.91,-6397.09,126
COMPINFO.NS,3460.97,-6539.03,133
SITINET.NS,3432.31,-6567.69,96
MEP.NS,3305.03,-6694.97,140
ARSHIYA.NS,3299.71,-6700.29,145
SELMC.NS,3251.45,-6748.55,163
ANKITMETAL.NS,2897.35,-7102.65,131
MIRZAINT.NS,2444.31,-7555.69,158
GSS.NS,2343.27,-7656.73,170
VHLTD.NS,2283.41,-7716.59,167
SRPL.NS,2156.99,-7843.01,109
AGSTRA.NS,2110.15,-7889.85,158
GATECHDVR.NS,1991.82,-8008.18,82
KESORAMIND.NS,792.75,-9207.25,166
